id,brand,model,vehicle_type,energy_type,price_min,price_max,cltc_range,battery_kwh,fast_charge_minutes,seats,drive_type,adas_level,smart_cockpit,wheelbase,trunk_volume,safety_score,monthly_sales,suitable_scenarios,highlights,weaknesses,source_type,source_url,data_quality_score,estimated_fields,raw_model_year
1,Audi,A6 e-tron Base,轿车,纯电,533000,714000,700,94.9,18,5,rwd,L2+,公开规格未覆盖，按品牌与年份估算,3030,470,4.8,499,真实公开数据候选;海外新能源车型;续航补能评估,真实规格：2024年，WLTP续航700km，电池94.9kWh，快充270kW,价格、座椅、车身和智能化字段为规则补齐，正式商用前需接入更权威价格源核验,real_world_enriched,https://www.audi.com,100.0,price_min|price_max|seats|wheelbase|trunk_volume|safety_score|adas_level,2024
2,Audi,A6 e-tron Base,轿车,纯电,533000,714000,700,94.9,18,5,rwd,L2+,公开规格未覆盖，按品牌与年份估算,3030,470,4.8,498,真实公开数据候选;海外新能源车型;续航补能评估,真实规格：2024年，WLTP续航700km，电池94.9kWh，快充270kW,价格、座椅、车身和智能化字段为规则补齐，正式商用前需接入更权威价格源核验,real_world_enriched,https://www.audi.com,100.0,price_min|price_max|seats|wheelbase|trunk_volume|safety_score|adas_level,2024
3,Audi,A6 e-tron Base,轿车,纯电,538000,721000,700,94.9,18,5,rwd,L2+,公开规格未覆盖，按品牌与年份估算,3030,470,4.8,497,真实公开数据候选;海外新能源车型;续航补能评估,真实规格：2025年，WLTP续航700km，电池94.9kWh，快充270kW,价格、座椅、车身和智能化字段为规则补齐，正式商用前需接入更权威价格源核验,real_world_enriched,https://www.audi.com,100.0,price_min|price_max|seats|wheelbase|trunk_volume|safety_score|adas_level,2025
4,Audi,A6 e-tron Base,轿车,纯电,538000,721000,700,94.9,18,5,rwd,L2+,公开规格未覆盖，按品牌与年份估算,3030,470,4.8,496,真实公开数据候选;海外新能源车型;续航补能评估,真实规格：2025年，WLTP续航700km，电池94.9kWh，快充270kW,价格、座椅、车身和智能化字段为规则补齐，正式商用前需接入更权威价格源核验,real_world_enriched,https://www.audi.com,100.0,price_min|price_max|seats|wheelbase|trunk_volume|safety_score|adas_level,2025
5,Audi,e-tron GT quattro,轿车,纯电,498000,667000,488,85.0,18,5,awd,L2,公开规格未覆盖，按品牌与年份估算,2940,470,4.7,495,真实公开数据候选;海外新能源车型;续航补能评估,真实规格：2023年，WLTP续航488km，电池85.0kWh，快充270kW,价格、座椅、车身和智能化字段为规则补齐，正式商用前需接入更权威价格源核验,real_world_enriched,https://www.audi.com,100.0,price_min|price_max|seats|wheelbase|trunk_volume|safety_score|adas_level,2023
6,Audi,e-tron GT RS,轿车,纯电,584000,784000,472,85.0,18,5,awd,L2,公开规格未覆盖，按品牌与年份估算,2940,470,4.7,494,真实公开数据候选;海外新能源车型;续航补能评估,真实规格：2023年，WLTP续航472km，电池85.0kWh，快充270kW,价格、座椅、车身和智能化字段为规则补齐，正式商用前需接入更权威价格源核验,real_world_enriched,https://www.audi.com,100.0,price_min|price_max|seats|wheelbase|trunk_volume|safety_score|adas_level,2023
7,Audi,e-tron GT quattro,轿车,纯电,503000,674000,488,85.0,18,5,awd,L2+,公开规格未覆盖，按品牌与年份估算,2940,470,4.8,493,真实公开数据候选;海外新能源车型;续航补能评估,真实规格：2024年，WLTP续航488km，电池85.0kWh，快充270kW,价格、座椅、车身和智能化字段为规则补齐，正式商用前需接入更权威价格源核验,real_world_enriched,https://www.audi.com,100.0,price_min|price_max|seats|wheelbase|trunk_volume|safety_score|adas_level,2024
8,Audi,e-tron GT RS,轿车,纯电,590000,791000,472,85.0,18,5,awd,L2+,公开规格未覆盖，按品牌与年份估算,2940,470,4.8,492,真实公开数据候选;海外新能源车型;续航补能评估,真实规格：2024年，WLTP续航472km，电池85.0kWh，快充270kW,价格、座椅、车身和智能化字段为规则补齐，正式商用前需接入更权威价格源核验,real_world_enriched,https://www.audi.com,100.0,price_min|price_max|seats|wheelbase|trunk_volume|safety_score|adas_level,2024
9,Audi,e-tron GT quattro,轿车,纯电,508000,681000,488,85.0,18,5,awd,L2+,公开规格未覆盖，按品牌与年份估算,2940,470,4.8,491,真实公开数据候选;海外新能源车型;续航补能评估,真实规格：2025年，WLTP续航488km，电池85.0kWh，快充270kW,价格、座椅、车身和智能化字段为规则补齐，正式商用前需接入更权威价格源核验,real_world_enriched,https://www.audi.com,100.0,price_min|price_max|seats|wheelbase|trunk_volume|safety_score|adas_level,2025
10,Audi,e-tron GT RS,轿车,纯电,595000,798000,472,85.0,18,5,awd,L2+,公开规格未覆盖，按品牌与年份估算,2940,470,4.8,490,真实公开数据候选;海外新能源车型;续航补能评估,真实规格：2025年，WLTP续航472km，电池85.0kWh，快充270kW,价格、座椅、车身和智能化字段为规则补齐，正式商用前需接入更权威价格源核验,real_world_enriched,https://www.audi.com,100.0,price_min|price_max|seats|wheelbase|trunk_volume|safety_score|adas_level,2025
11,Audi,Q4 e-tron 40,轿车,纯电,379000,508000,341,48.0,32,5,rwd,L2,公开规格未覆盖，按品牌与年份估算,2940,470,4.6,489,真实公开数据候选;海外新能源车型;续航补能评估,真实规格：2023年，WLTP续航341km，电池48.0kWh，快充125kW,价格、座椅、车身和智能化字段为规则补齐，正式商用前需接入更权威价格源核验,real_world_enriched,https://www.audi.com,100.0,price_min|price_max|seats|wheelbase|trunk_volume|safety_score|adas_level,2023
12,Audi,Q4 e-tron 50,轿车,纯电,439000,588000,520,73.0,32,5,rwd,L2,公开规格未覆盖，按品牌与年份估算,2940,470,4.6,488,真实公开数据候选;海外新能源车型;续航补能评估,真实规格：2023年，WLTP续航520km，电池73.0kWh，快充125kW,价格、座椅、车身和智能化字段为规则补齐，正式商用前需接入更权威价格源核验,real_world_enriched,https://www.audi.com,100.0,price_min|price_max|seats|wheelbase|trunk_volume|safety_score|adas_level,2023
13,Audi,Q4 e-tron quattro,轿车,纯电,448000,601000,488,73.0,32,5,awd,L2,公开规格未覆盖，按品牌与年份估算,2940,470,4.6,487,真实公开数据候选;海外新能源车型;续航补能评估,真实规格：2023年，WLTP续航488km，电池73.0kWh，快充125kW,价格、座椅、车身和智能化字段为规则补齐，正式商用前需接入更权威价格源核验,real_world_enriched,https://www.audi.com,100.0,price_min|price_max|seats|wheelbase|trunk_volume|safety_score|adas_level,2023
14,Audi,Q4 e-tron 40,轿车,纯电,379000,508000,349,48.0,32,5,rwd,L2,公开规格未覆盖，按品牌与年份估算,2940,470,4.6,486,真实公开数据候选;海外新能源车型;续航补能评估,真实规格：2023年，WLTP续航349km，电池48.0kWh，快充125kW,价格、座椅、车身和智能化字段为规则补齐，正式商用前需接入更权威价格源核验,real_world_enriched,https://www.audi.com,100.0,price_min|price_max|seats|wheelbase|trunk_volume|safety_score|adas_level,2023
15,Audi,Q4 e-tron 50,轿车,纯电,440000,590000,534,73.0,32,5,rwd,L2,公开规格未覆盖，按品牌与年份估算,2940,470,4.6,485,真实公开数据候选;海外新能源车型;续航补能评估,真实规格：2023年，WLTP续航534km，电池73.0kWh，快充125kW,价格、座椅、车身和智能化字段为规则补齐，正式商用前需接入更权威价格源核验,real_world_enriched,https://www.audi.com,100.0,price_min|price_max|seats|wheelbase|trunk_volume|safety_score|adas_level,2023
16,Audi,Q4 e-tron quattro,轿车,纯电,450000,603000,502,73.0,32,5,awd,L2,公开规格未覆盖，按品牌与年份估算,2940,470,4.6,484,真实公开数据候选;海外新能源车型;续航补能评估,真实规格：2023年，WLTP续航502km，电池73.0kWh，快充125kW,价格、座椅、车身和智能化字段为规则补齐，正式商用前需接入更权威价格源核验,real_world_enriched,https://www.audi.com,100.0,price_min|price_max|seats|wheelbase|trunk_volume|safety_score|adas_level,2023
17,Audi,Q4 e-tron 40,轿车,纯电,384000,515000,341,48.0,32,5,rwd,L2+,公开规格未覆盖，按品牌与年份估算,2940,470,4.7,483,真实公开数据候选;海外新能源车型;续航补能评估,真实规格：2024年，WLTP续航341km，电池48.0kWh，快充125kW,价格、座椅、车身和智能化字段为规则补齐，正式商用前需接入更权威价格源核验,real_world_enriched,https://www.audi.com,100.0,price_min|price_max|seats|wheelbase|trunk_volume|safety_score|adas_level,2024
18,Audi,Q4 e-tron 50,轿车,纯电,444000,595000,520,73.0,32,5,rwd,L2+,公开规格未覆盖，按品牌与年份估算,2940,470,4.7,482,真实公开数据候选;海外新能源车型;续航补能评估,真实规格：2024年，WLTP续航520km，电池73.0kWh，快充125kW,价格、座椅、车身和智能化字段为规则补齐，正式商用前需接入更权威价格源核验,real_world_enriched,https://www.audi.com,100.0,price_min|price_max|seats|wheelbase|trunk_volume|safety_score|adas_level,2024
19,Audi,Q4 e-tron quattro,轿车,纯电,453000,608000,488,73.0,32,5,awd,L2+,公开规格未覆盖，按品牌与年份估算,2940,470,4.7,481,真实公开数据候选;海外新能源车型;续航补能评估,真实规格：2024年，WLTP续航488km，电池73.0kWh，快充125kW,价格、座椅、车身和智能化字段为规则补齐，正式商用前需接入更权威价格源核验,real_world_enriched,https://www.audi.com,100.0,price_min|price_max|seats|wheelbase|trunk_volume|safety_score|adas_level,2024
20,Audi,Q4 e-tron 40,轿车,纯电,384000,515000,349,48.0,32,5,rwd,L2+,公开规格未覆盖，按品牌与年份估算,2940,470,4.7,480,真实公开数据候选;海外新能源车型;续航补能评估,真实规格：2024年，WLTP续航349km，电池48.0kWh，快充125kW,价格、座椅、车身和智能化字段为规则补齐，正式商用前需接入更权威价格源核验,real_world_enriched,https://www.audi.com,100.0,price_min|price_max|seats|wheelbase|trunk_volume|safety_score|adas_level,2024
21,Audi,Q4 e-tron 50,轿车,纯电,445000,597000,534,73.0,32,5,rwd,L2+,公开规格未覆盖，按品牌与年份估算,2940,470,4.7,479,真实公开数据候选;海外新能源车型;续航补能评估,真实规格：2024年，WLTP续航534km，电池73.0kWh，快充125kW,价格、座椅、车身和智能化字段为规则补齐，正式商用前需接入更权威价格源核验,real_world_enriched,https://www.audi.com,100.0,price_min|price_max|seats|wheelbase|trunk_volume|safety_score|adas_level,2024
22,Audi,Q4 e-tron quattro,轿车,纯电,455000,610000,502,73.0,32,5,awd,L2+,公开规格未覆盖，按品牌与年份估算,2940,470,4.7,478,真实公开数据候选;海外新能源车型;续航补能评估,真实规格：2024年，WLTP续航502km，电池73.0kWh，快充125kW,价格、座椅、车身和智能化字段为规则补齐，正式商用前需接入更权威价格源核验,real_world_enriched,https://www.audi.com,100.0,price_min|price_max|seats|wheelbase|trunk_volume|safety_score|adas_level,2024
23,Audi,Q4 e-tron 40,轿车,纯电,389000,522000,341,48.0,32,5,rwd,L2+,公开规格未覆盖，按品牌与年份估算,2940,470,4.7,477,真实公开数据候选;海外新能源车型;续航补能评估,真实规格：2025年，WLTP续航341km，电池48.0kWh，快充125kW,价格、座椅、车身和智能化字段为规则补齐，正式商用前需接入更权威价格源核验,real_world_enriched,https://www.audi.com,100.0,price_min|price_max|seats|wheelbase|trunk_volume|safety_score|adas_level,2025
24,Audi,Q4 e-tron 50,轿车,纯电,449000,602000,520,73.0,32,5,rwd,L2+,公开规格未覆盖，按品牌与年份估算,2940,470,4.7,476,真实公开数据候选;海外新能源车型;续航补能评估,真实规格：2025年，WLTP续航520km，电池73.0kWh，快充125kW,价格、座椅、车身和智能化字段为规则补齐，正式商用前需接入更权威价格源核验,real_world_enriched,https://www.audi.com,100.0,price_min|price_max|seats|wheelbase|trunk_volume|safety_score|adas_level,2025
25,Audi,Q4 e-tron quattro,轿车,纯电,459000,615000,488,73.0,32,5,awd,L2+,公开规格未覆盖，按品牌与年份估算,2940,470,4.7,475,真实公开数据候选;海外新能源车型;续航补能评估,真实规格：2025年，WLTP续航488km，电池73.0kWh，快充125kW,价格、座椅、车身和智能化字段为规则补齐，正式商用前需接入更权威价格源核验,real_world_enriched,https://www.audi.com,100.0,price_min|price_max|seats|wheelbase|trunk_volume|safety_score|adas_level,2025
26,Audi,Q4 e-tron 40,轿车,纯电,389000,522000,349,48.0,32,5,rwd,L2+,公开规格未覆盖，按品牌与年份估算,2940,470,4.7,474,真实公开数据候选;海外新能源车型;续航补能评估,真实规格：2025年，WLTP续航349km，电池48.0kWh，快充125kW,价格、座椅、车身和智能化字段为规则补齐，正式商用前需接入更权威价格源核验,real_world_enriched,https://www.audi.com,100.0,price_min|price_max|seats|wheelbase|trunk_volume|safety_score|adas_level,2025
27,Audi,Q4 e-tron 50,轿车,纯电,451000,604000,534,73.0,32,5,rwd,L2+,公开规格未覆盖，按品牌与年份估算,2940,470,4.7,473,真实公开数据候选;海外新能源车型;续航补能评估,真实规格：2025年，WLTP续航534km，电池73.0kWh，快充125kW,价格、座椅、车身和智能化字段为规则补齐，正式商用前需接入更权威价格源核验,real_world_enriched,https://www.audi.com,100.0,price_min|price_max|seats|wheelbase|trunk_volume|safety_score|adas_level,2025
28,Audi,Q4 e-tron quattro,轿车,纯电,460000,617000,502,73.0,32,5,awd,L2+,公开规格未覆盖，按品牌与年份估算,2940,470,4.7,472,真实公开数据候选;海外新能源车型;续航补能评估,真实规格：2025年，WLTP续航502km，电池73.0kWh，快充125kW,价格、座椅、车身和智能化字段为规则补齐，正式商用前需接入更权威价格源核验,real_world_enriched,https://www.audi.com,100.0,price_min|price_max|seats|wheelbase|trunk_volume|safety_score|adas_level,2025
29,Audi,Q6 e-tron quattro,轿车,纯电,513000,688000,625,94.9,18,5,awd,L2+,公开规格未覆盖，按品牌与年份估算,3030,470,4.8,471,真实公开数据候选;海外新能源车型;续航补能评估,真实规格：2024年，WLTP续航625km，电池94.9kWh，快充270kW,价格、座椅、车身和智能化字段为规则补齐，正式商用前需接入更权威价格源核验,real_world_enriched,https://www.audi.com,100.0,price_min|price_max|seats|wheelbase|trunk_volume|safety_score|adas_level,2024
30,Audi,Q6 e-tron quattro,轿车,纯电,514000,690000,640,94.9,18,5,awd,L2+,公开规格未覆盖，按品牌与年份估算,3030,470,4.8,470,真实公开数据候选;海外新能源车型;续航补能评估,真实规格：2024年，WLTP续航640km，电池94.9kWh，快充270kW,价格、座椅、车身和智能化字段为规则补齐，正式商用前需接入更权威价格源核验,real_world_enriched,https://www.audi.com,100.0,price_min|price_max|seats|wheelbase|trunk_volume|safety_score|adas_level,2024
31,Audi,Q6 e-tron quattro,轿车,纯电,518000,695000,625,94.9,18,5,awd,L2+,公开规格未覆盖，按品牌与年份估算,3030,470,4.8,469,真实公开数据候选;海外新能源车型;续航补能评估,真实规格：2025年，WLTP续航625km，电池94.9kWh，快充270kW,价格、座椅、车身和智能化字段为规则补齐，正式商用前需接入更权威价格源核验,real_world_enriched,https://www.audi.com,100.0,price_min|price_max|seats|wheelbase|trunk_volume|safety_score|adas_level,2025
32,Audi,Q6 e-tron quattro,轿车,纯电,520000,697000,640,94.9,18,5,awd,L2+,公开规格未覆盖，按品牌与年份估算,3030,470,4.8,468,真实公开数据候选;海外新能源车型;续航补能评估,真实规格：2025年，WLTP续航640km，电池94.9kWh，快充270kW,价格、座椅、车身和智能化字段为规则补齐，正式商用前需接入更权威价格源核验,real_world_enriched,https://www.audi.com,100.0,price_min|price_max|seats|wheelbase|trunk_volume|safety_score|adas_level,2025
33,Audi,Q6 e-tron SQ6,轿车,纯电,533000,714000,598,94.9,18,5,awd,L2+,公开规格未覆盖，按品牌与年份估算,3030,470,4.8,467,真实公开数据候选;海外新能源车型;续航补能评估,真实规格：2025年，WLTP续航598km，电池94.9kWh，快充270kW,价格、座椅、车身和智能化字段为规则补齐，正式商用前需接入更权威价格源核验,real_world_enriched,https://www.audi.com,100.0,price_min|price_max|seats|wheelbase|trunk_volume|safety_score|adas_level,2025
34,Audi,Q8 e-tron 50,轿车,纯电,474000,636000,491,89.0,25,5,awd,L2,公开规格未覆盖，按品牌与年份估算,2940,470,4.6,466,真实公开数据候选;海外新能源车型;续航补能评估,真实规格：2023年，WLTP续航491km，电池89.0kWh，快充150kW,价格、座椅、车身和智能化字段为规则补齐，正式商用前需接入更权威价格源核验,real_world_enriched,https://www.audi.com,100.0,price_min|price_max|seats|wheelbase|trunk_volume|safety_score|adas_level,2023
35,Audi,Q8 e-tron 55,轿车,纯电,513000,688000,582,100.0,25,5,awd,L2,公开规格未覆盖，按品牌与年份估算,3030,470,4.7,465,真实公开数据候选;海外新能源车型;续航补能评估,真实规格：2023年，WLTP续航582km，电池100.0kWh，快充150kW,价格、座椅、车身和智能化字段为规则补齐，正式商用前需接入更权威价格源核验,real_world_enriched,https://www.audi.com,100.0,price_min|price_max|seats|wheelbase|trunk_volume|safety_score|adas_level,2023
36,Audi,Q8 e-tron quattro,轿车,纯电,513000,688000,582,100.0,25,5,awd,L2,公开规格未覆盖，按品牌与年份估算,3030,470,4.7,464,真实公开数据候选;海外新能源车型;续航补能评估,真实规格：2023年，WLTP续航582km，电池100.0kWh，快充150kW,价格、座椅、车身和智能化字段为规则补齐，正式商用前需接入更权威价格源核验,real_world_enriched,https://www.audi.com,100.0,price_min|price_max|seats|wheelbase|trunk_volume|safety_score|adas_level,2023
37,Audi,Q8 e-tron 50,轿车,纯电,476000,638000,505,89.0,25,5,awd,L2,公开规格未覆盖，按品牌与年份估算,2940,470,4.6,463,真实公开数据候选;海外新能源车型;续航补能评估,真实规格：2023年，WLTP续航505km，电池89.0kWh，快充150kW,价格、座椅、车身和智能化字段为规则补齐，正式商用前需接入更权威价格源核验,real_world_enriched,https://www.audi.com,100.0,price_min|price_max|seats|wheelbase|trunk_volume|safety_score|adas_level,2023
38,Audi,Q8 e-tron 55,轿车,纯电,515000,691000,600,100.0,25,5,awd,L2,公开规格未覆盖，按品牌与年份估算,3030,470,4.7,462,真实公开数据候选;海外新能源车型;续航补能评估,真实规格：2023年，WLTP续航600km，电池100.0kWh，快充150kW,价格、座椅、车身和智能化字段为规则补齐，正式商用前需接入更权威价格源核验,real_world_enriched,https://www.audi.com,100.0,price_min|price_max|seats|wheelbase|trunk_volume|safety_score|adas_level,2023
39,Audi,Q8 e-tron quattro,轿车,纯电,515000,691000,600,100.0,25,5,awd,L2,公开规格未覆盖，按品牌与年份估算,3030,470,4.7,461,真实公开数据候选;海外新能源车型;续航补能评估,真实规格：2023年，WLTP续航600km，电池100.0kWh，快充150kW,价格、座椅、车身和智能化字段为规则补齐，正式商用前需接入更权威价格源核验,real_world_enriched,https://www.audi.com,100.0,price_min|price_max|seats|wheelbase|trunk_volume|safety_score|adas_level,2023
40,Audi,Q8 e-tron 50,轿车,纯电,480000,643000,491,89.0,25,5,awd,L2+,公开规格未覆盖，按品牌与年份估算,2940,470,4.7,460,真实公开数据候选;海外新能源车型;续航补能评估,真实规格：2024年，WLTP续航491km，电池89.0kWh，快充150kW,价格、座椅、车身和智能化字段为规则补齐，正式商用前需接入更权威价格源核验,real_world_enriched,https://www.audi.com,100.0,price_min|price_max|seats|wheelbase|trunk_volume|safety_score|adas_level,2024
41,Audi,Q8 e-tron 55,轿车,纯电,519000,696000,582,100.0,25,5,awd,L2+,公开规格未覆盖，按品牌与年份估算,3030,470,4.8,459,真实公开数据候选;海外新能源车型;续航补能评估,真实规格：2024年，WLTP续航582km，电池100.0kWh，快充150kW,价格、座椅、车身和智能化字段为规则补齐，正式商用前需接入更权威价格源核验,real_world_enriched,https://www.audi.com,100.0,price_min|price_max|seats|wheelbase|trunk_volume|safety_score|adas_level,2024
42,Audi,Q8 e-tron quattro,轿车,纯电,519000,696000,582,100.0,25,5,awd,L2+,公开规格未覆盖，按品牌与年份估算,3030,470,4.8,458,真实公开数据候选;海外新能源车型;续航补能评估,真实规格：2024年，WLTP续航582km，电池100.0kWh，快充150kW,价格、座椅、车身和智能化字段为规则补齐，正式商用前需接入更权威价格源核验,real_world_enriched,https://www.audi.com,100.0,price_min|price_max|seats|wheelbase|trunk_volume|safety_score|adas_level,2024
43,Audi,Q8 e-tron 50,轿车,纯电,481000,645000,505,89.0,25,5,awd,L2+,公开规格未覆盖，按品牌与年份估算,2940,470,4.7,457,真实公开数据候选;海外新能源车型;续航补能评估,真实规格：2024年，WLTP续航505km，电池89.0kWh，快充150kW,价格、座椅、车身和智能化字段为规则补齐，正式商用前需接入更权威价格源核验,real_world_enriched,https://www.audi.com,100.0,price_min|price_max|seats|wheelbase|trunk_volume|safety_score|adas_level,2024
44,Audi,Q8 e-tron 55,轿车,纯电,520000,698000,600,100.0,25,5,awd,L2+,公开规格未覆盖，按品牌与年份估算,3030,470,4.8,456,真实公开数据候选;海外新能源车型;续航补能评估,真实规格：2024年，WLTP续航600km，电池100.0kWh，快充150kW,价格、座椅、车身和智能化字段为规则补齐，正式商用前需接入更权威价格源核验,real_world_enriched,https://www.audi.com,100.0,price_min|price_max|seats|wheelbase|trunk_volume|safety_score|adas_level,2024
45,Audi,Q8 e-tron quattro,轿车,纯电,520000,698000,600,100.0,25,5,awd,L2+,公开规格未覆盖，按品牌与年份估算,3030,470,4.8,455,真实公开数据候选;海外新能源车型;续航补能评估,真实规格：2024年，WLTP续航600km，电池100.0kWh，快充150kW,价格、座椅、车身和智能化字段为规则补齐，正式商用前需接入更权威价格源核验,real_world_enriched,https://www.audi.com,100.0,price_min|price_max|seats|wheelbase|trunk_volume|safety_score|adas_level,2024
46,Audi,Q8 e-tron 50,轿车,纯电,485000,650000,491,89.0,25,5,awd,L2+,公开规格未覆盖，按品牌与年份估算,2940,470,4.7,454,真实公开数据候选;海外新能源车型;续航补能评估,真实规格：2025年，WLTP续航491km，电池89.0kWh，快充150kW,价格、座椅、车身和智能化字段为规则补齐，正式商用前需接入更权威价格源核验,real_world_enriched,https://www.audi.com,100.0,price_min|price_max|seats|wheelbase|trunk_volume|safety_score|adas_level,2025
47,Audi,Q8 e-tron 55,轿车,纯电,524000,703000,582,100.0,25,5,awd,L2+,公开规格未覆盖，按品牌与年份估算,3030,470,4.8,453,真实公开数据候选;海外新能源车型;续航补能评估,真实规格：2025年，WLTP续航582km，电池100.0kWh，快充150kW,价格、座椅、车身和智能化字段为规则补齐，正式商用前需接入更权威价格源核验,real_world_enriched,https://www.audi.com,100.0,price_min|price_max|seats|wheelbase|trunk_volume|safety_score|adas_level,2025
48,Audi,Q8 e-tron quattro,轿车,纯电,524000,703000,582,100.0,25,5,awd,L2+,公开规格未覆盖，按品牌与年份估算,3030,470,4.8,452,真实公开数据候选;海外新能源车型;续航补能评估,真实规格：2025年，WLTP续航582km，电池100.0kWh，快充150kW,价格、座椅、车身和智能化字段为规则补齐，正式商用前需接入更权威价格源核验,real_world_enriched,https://www.audi.com,100.0,price_min|price_max|seats|wheelbase|trunk_volume|safety_score|adas_level,2025
49,Audi,Q8 e-tron 50,轿车,纯电,486000,652000,505,89.0,25,5,awd,L2+,公开规格未覆盖，按品牌与年份估算,2940,470,4.7,451,真实公开数据候选;海外新能源车型;续航补能评估,真实规格：2025年，WLTP续航505km，电池89.0kWh，快充150kW,价格、座椅、车身和智能化字段为规则补齐，正式商用前需接入更权威价格源核验,real_world_enriched,https://www.audi.com,100.0,price_min|price_max|seats|wheelbase|trunk_volume|safety_score|adas_level,2025
50,Audi,Q8 e-tron 55,轿车,纯电,526000,705000,600,100.0,25,5,awd,L2+,公开规格未覆盖，按品牌与年份估算,3030,470,4.8,450,真实公开数据候选;海外新能源车型;续航补能评估,真实规格：2025年，WLTP续航600km，电池100.0kWh，快充150kW,价格、座椅、车身和智能化字段为规则补齐，正式商用前需接入更权威价格源核验,real_world_enriched,https://www.audi.com,100.0,price_min|price_max|seats|wheelbase|trunk_volume|safety_score|adas_level,2025
51,Audi,Q8 e-tron quattro,轿车,纯电,526000,705000,600,100.0,25,5,awd,L2+,公开规格未覆盖，按品牌与年份估算,3030,470,4.8,449,真实公开数据候选;海外新能源车型;续航补能评估,真实规格：2025年，WLTP续航600km，电池100.0kWh，快充150kW,价格、座椅、车身和智能化字段为规则补齐，正式商用前需接入更权威价格源核验,real_world_enriched,https://www.audi.com,100.0,price_min|price_max|seats|wheelbase|trunk_volume|safety_score|adas_level,2025
52,BMW,i4 eDrive40,轿车,纯电,477000,640000,590,81.3,25,5,rwd,L2,公开规格未覆盖，按品牌与年份估算,2940,470,4.6,448,真实公开数据候选;海外新能源车型;续航补能评估,真实规格：2023年，WLTP续航590km，电池81.3kWh，快充207kW,价格、座椅、车身和智能化字段为规则补齐，正式商用前需接入更权威价格源核验,real_world_enriched,https://www.bmw.com,100.0,price_min|price_max|seats|wheelbase|trunk_volume|safety_score|adas_level,2023
53,BMW,i4 eDrive35,轿车,纯电,435000,584000,483,66.0,25,5,rwd,L2,公开规格未覆盖，按品牌与年份估算,2940,470,4.6,447,真实公开数据候选;海外新能源车型;续航补能评估,真实规格：2023年，WLTP续航483km，电池66.0kWh，快充180kW,价格、座椅、车身和智能化字段为规则补齐，正式商用前需接入更权威价格源核验,real_world_enriched,https://www.bmw.com,100.0,price_min|price_max|seats|wheelbase|trunk_volume|safety_score|adas_level,2023
54,BMW,i4 eDrive40,轿车,纯电,477000,640000,590,81.3,25,5,rwd,L2,公开规格未覆盖，按品牌与年份估算,2940,470,4.6,446,真实公开数据候选;海外新能源车型;续航补能评估,真实规格：2023年，WLTP续航590km，电池81.3kWh，快充207kW,价格、座椅、车身和智能化字段为规则补齐，正式商用前需接入更权威价格源核验,real_world_enriched,https://www.bmw.com,100.0,price_min|price_max|seats|wheelbase|trunk_volume|safety_score|adas_level,2023
55,BMW,i4 M50,轿车,纯电,496000,666000,510,81.3,25,5,awd,L2,公开规格未覆盖，按品牌与年份估算,2940,470,4.7,445,真实公开数据候选;海外新能源车型;续航补能评估,真实规格：2023年，WLTP续航510km，电池81.3kWh，快充207kW,价格、座椅、车身和智能化字段为规则补齐，正式商用前需接入更权威价格源核验,real_world_enriched,https://www.bmw.com,100.0,price_min|price_max|seats|wheelbase|trunk_volume|safety_score|adas_level,2023
56,BMW,i4 eDrive40,轿车,纯电,482000,647000,590,81.3,25,5,rwd,L2+,公开规格未覆盖，按品牌与年份估算,2940,470,4.7,444,真实公开数据候选;海外新能源车型;续航补能评估,真实规格：2024年，WLTP续航590km，电池81.3kWh，快充207kW,价格、座椅、车身和智能化字段为规则补齐，正式商用前需接入更权威价格源核验,real_world_enriched,https://www.bmw.com,100.0,price_min|price_max|seats|wheelbase|trunk_volume|safety_score|adas_level,2024
57,BMW,i4 eDrive35,轿车,纯电,442000,593000,483,67.1,25,5,rwd,L2+,公开规格未覆盖，按品牌与年份估算,2940,470,4.7,443,真实公开数据候选;海外新能源车型;续航补能评估,真实规格：2024年，WLTP续航483km，电池67.1kWh，快充180kW,价格、座椅、车身和智能化字段为规则补齐，正式商用前需接入更权威价格源核验,real_world_enriched,https://www.bmw.com,100.0,price_min|price_max|seats|wheelbase|trunk_volume|safety_score|adas_level,2024
58,BMW,i4 eDrive40,轿车,纯电,482000,647000,590,81.3,25,5,rwd,L2+,公开规格未覆盖，按品牌与年份估算,2940,470,4.7,442,真实公开数据候选;海外新能源车型;续航补能评估,真实规格：2024年，WLTP续航590km，电池81.3kWh，快充207kW,价格、座椅、车身和智能化字段为规则补齐，正式商用前需接入更权威价格源核验,real_world_enriched,https://www.bmw.com,100.0,price_min|price_max|seats|wheelbase|trunk_volume|safety_score|adas_level,2024
59,BMW,i4 M50,轿车,纯电,502000,673000,516,81.3,25,5,awd,L2+,公开规格未覆盖，按品牌与年份估算,2940,470,4.8,441,真实公开数据候选;海外新能源车型;续航补能评估,真实规格：2024年，WLTP续航516km，电池81.3kWh，快充207kW,价格、座椅、车身和智能化字段为规则补齐，正式商用前需接入更权威价格源核验,real_world_enriched,https://www.bmw.com,100.0,price_min|price_max|seats|wheelbase|trunk_volume|safety_score|adas_level,2024
60,BMW,i4 xDrive40,轿车,纯电,486000,652000,549,81.3,25,5,awd,L2+,公开规格未覆盖，按品牌与年份估算,2940,470,4.8,440,真实公开数据候选;海外新能源车型;续航补能评估,真实规格：2024年，WLTP续航549km，电池81.3kWh，快充207kW,价格、座椅、车身和智能化字段为规则补齐，正式商用前需接入更权威价格源核验,real_world_enriched,https://www.bmw.com,100.0,price_min|price_max|seats|wheelbase|trunk_volume|safety_score|adas_level,2024
61,BMW,i4 eDrive40,轿车,纯电,488000,655000,598,81.3,25,5,rwd,L2+,公开规格未覆盖，按品牌与年份估算,2940,470,4.7,439,真实公开数据候选;海外新能源车型;续航补能评估,真实规格：2025年，WLTP续航598km，电池81.3kWh，快充207kW,价格、座椅、车身和智能化字段为规则补齐，正式商用前需接入更权威价格源核验,real_world_enriched,https://www.bmw.com,100.0,price_min|price_max|seats|wheelbase|trunk_volume|safety_score|adas_level,2025
62,BMW,i4 eDrive35,轿车,纯电,448000,602000,492,67.1,25,5,rwd,L2+,公开规格未覆盖，按品牌与年份估算,2940,470,4.7,438,真实公开数据候选;海外新能源车型;续航补能评估,真实规格：2025年，WLTP续航492km，电池67.1kWh，快充180kW,价格、座椅、车身和智能化字段为规则补齐，正式商用前需接入更权威价格源核验,real_world_enriched,https://www.bmw.com,100.0,price_min|price_max|seats|wheelbase|trunk_volume|safety_score|adas_level,2025
63,BMW,i4 eDrive40,轿车,纯电,488000,655000,598,81.3,25,5,rwd,L2+,公开规格未覆盖，按品牌与年份估算,2940,470,4.7,437,真实公开数据候选;海外新能源车型;续航补能评估,真实规格：2025年，WLTP续航598km，电池81.3kWh，快充207kW,价格、座椅、车身和智能化字段为规则补齐，正式商用前需接入更权威价格源核验,real_world_enriched,https://www.bmw.com,100.0,price_min|price_max|seats|wheelbase|trunk_volume|safety_score|adas_level,2025
64,BMW,i4 M50,轿车,纯电,508000,681000,521,81.3,25,5,awd,L2+,公开规格未覆盖，按品牌与年份估算,2940,470,4.8,436,真实公开数据候选;海外新能源车型;续航补能评估,真实规格：2025年，WLTP续航521km，电池81.3kWh，快充207kW,价格、座椅、车身和智能化字段为规则补齐，正式商用前需接入更权威价格源核验,real_world_enriched,https://www.bmw.com,100.0,price_min|price_max|seats|wheelbase|trunk_volume|safety_score|adas_level,2025
65,BMW,i4 xDrive40,轿车,纯电,492000,660000,557,81.3,25,5,awd,L2+,公开规格未覆盖，按品牌与年份估算,2940,470,4.8,435,真实公开数据候选;海外新能源车型;续航补能评估,真实规格：2025年，WLTP续航557km，电池81.3kWh，快充207kW,价格、座椅、车身和智能化字段为规则补齐，正式商用前需接入更权威价格源核验,real_world_enriched,https://www.bmw.com,100.0,price_min|price_max|seats|wheelbase|trunk_volume|safety_score|adas_level,2025
66,BMW,i5 eDrive40,轿车,纯电,481000,645000,582,81.2,25,5,rwd,L2+,公开规格未覆盖，按品牌与年份估算,2940,470,4.7,434,真实公开数据候选;海外新能源车型;续航补能评估,真实规格：2024年，WLTP续航582km，电池81.2kWh，快充205kW,价格、座椅、车身和智能化字段为规则补齐，正式商用前需接入更权威价格源核验,real_world_enriched,https://www.bmw.com,100.0,price_min|price_max|seats|wheelbase|trunk_volume|safety_score|adas_level,2024
67,BMW,i5 M60,轿车,纯电,588000,789000,512,81.2,25,5,awd,L2+,公开规格未覆盖，按品牌与年份估算,2940,470,4.8,433,真实公开数据候选;海外新能源车型;续航补能评估,真实规格：2024年，WLTP续航512km，电池81.2kWh，快充205kW,价格、座椅、车身和智能化字段为规则补齐，正式商用前需接入更权威价格源核验,real_world_enriched,https://www.bmw.com,100.0,price_min|price_max|seats|wheelbase|trunk_volume|safety_score|adas_level,2024
68,BMW,i5 eDrive40,轿车,纯电,486000,652000,582,81.2,25,5,rwd,L2+,公开规格未覆盖，按品牌与年份估算,2940,470,4.7,432,真实公开数据候选;海外新能源车型;续航补能评估,真实规格：2025年，WLTP续航582km，电池81.2kWh，快充205kW,价格、座椅、车身和智能化字段为规则补齐，正式商用前需接入更权威价格源核验,real_world_enriched,https://www.bmw.com,100.0,price_min|price_max|seats|wheelbase|trunk_volume|safety_score|adas_level,2025
69,BMW,i5 M60,轿车,纯电,594000,796000,512,81.2,25,5,awd,L2+,公开规格未覆盖，按品牌与年份估算,2940,470,4.8,431,真实公开数据候选;海外新能源车型;续航补能评估,真实规格：2025年，WLTP续航512km，电池81.2kWh，快充205kW,价格、座椅、车身和智能化字段为规则补齐，正式商用前需接入更权威价格源核验,real_world_enriched,https://www.bmw.com,100.0,price_min|price_max|seats|wheelbase|trunk_volume|safety_score|adas_level,2025
70,BMW,i7 xDrive60,轿车,纯电,539000,723000,625,101.7,25,5,awd,L2,公开规格未覆盖，按品牌与年份估算,3030,470,4.7,430,真实公开数据候选;海外新能源车型;续航补能评估,真实规格：2023年，WLTP续航625km，电池101.7kWh，快充195kW,价格、座椅、车身和智能化字段为规则补齐，正式商用前需接入更权威价格源核验,real_world_enriched,https://www.bmw.com,100.0,price_min|price_max|seats|wheelbase|trunk_volume|safety_score|adas_level,2023
71,BMW,i7 M70,轿车,纯电,627000,841000,560,101.7,25,5,awd,L2,公开规格未覆盖，按品牌与年份估算,3030,470,4.7,429,真实公开数据候选;海外新能源车型;续航补能评估,真实规格：2023年，WLTP续航560km，电池101.7kWh，快充195kW,价格、座椅、车身和智能化字段为规则补齐，正式商用前需接入更权威价格源核验,real_world_enriched,https://www.bmw.com,100.0,price_min|price_max|seats|wheelbase|trunk_volume|safety_score|adas_level,2023
72,BMW,i7 xDrive60,轿车,纯电,544000,730000,625,101.7,25,5,awd,L2+,公开规格未覆盖，按品牌与年份估算,3030,470,4.8,428,真实公开数据候选;海外新能源车型;续航补能评估,真实规格：2024年，WLTP续航625km，电池101.7kWh，快充195kW,价格、座椅、车身和智能化字段为规则补齐，正式商用前需接入更权威价格源核验,real_world_enriched,https://www.bmw.com,100.0,price_min|price_max|seats|wheelbase|trunk_volume|safety_score|adas_level,2024
73,BMW,i7 M70,轿车,纯电,632000,848000,560,101.7,25,5,awd,L2+,公开规格未覆盖，按品牌与年份估算,3030,470,4.8,427,真实公开数据候选;海外新能源车型;续航补能评估,真实规格：2024年，WLTP续航560km，电池101.7kWh，快充195kW,价格、座椅、车身和智能化字段为规则补齐，正式商用前需接入更权威价格源核验,real_world_enriched,https://www.bmw.com,100.0,price_min|price_max|seats|wheelbase|trunk_volume|safety_score|adas_level,2024
74,BMW,i7 xDrive60,轿车,纯电,549000,737000,625,101.7,25,5,awd,L2+,公开规格未覆盖，按品牌与年份估算,3030,470,4.8,426,真实公开数据候选;海外新能源车型;续航补能评估,真实规格：2025年，WLTP续航625km，电池101.7kWh，快充195kW,价格、座椅、车身和智能化字段为规则补齐，正式商用前需接入更权威价格源核验,real_world_enriched,https://www.bmw.com,100.0,price_min|price_max|seats|wheelbase|trunk_volume|safety_score|adas_level,2025
75,BMW,i7 M70,轿车,纯电,637000,855000,560,101.7,25,5,awd,L2+,公开规格未覆盖，按品牌与年份估算,3030,470,4.8,425,真实公开数据候选;海外新能源车型;续航补能评估,真实规格：2025年，WLTP续航560km，电池101.7kWh，快充195kW,价格、座椅、车身和智能化字段为规则补齐，正式商用前需接入更权威价格源核验,real_world_enriched,https://www.bmw.com,100.0,price_min|price_max|seats|wheelbase|trunk_volume|safety_score|adas_level,2025
76,BMW,iX xDrive50,SUV,纯电,586000,786000,630,105.2,25,5,awd,L2,公开规格未覆盖，按品牌与年份估算,3090,520,4.7,424,真实公开数据候选;海外新能源车型;续航补能评估,真实规格：2023年，WLTP续航630km，电池105.2kWh，快充195kW,价格、座椅、车身和智能化字段为规则补齐，正式商用前需接入更权威价格源核验,real_world_enriched,https://www.bmw.com,100.0,price_min|price_max|seats|wheelbase|trunk_volume|safety_score|adas_level,2023
77,BMW,iX M60,SUV,纯电,671000,899000,561,105.2,25,5,awd,L2,公开规格未覆盖，按品牌与年份估算,3090,520,4.7,423,真实公开数据候选;海外新能源车型;续航补能评估,真实规格：2023年，WLTP续航561km，电池105.2kWh，快充195kW,价格、座椅、车身和智能化字段为规则补齐，正式商用前需接入更权威价格源核验,real_world_enriched,https://www.bmw.com,100.0,price_min|price_max|seats|wheelbase|trunk_volume|safety_score|adas_level,2023
78,BMW,iX xDrive40,SUV,纯电,486000,652000,425,71.0,25,5,awd,L2,公开规格未覆盖，按品牌与年份估算,3000,520,4.6,422,真实公开数据候选;海外新能源车型;续航补能评估,真实规格：2023年，WLTP续航425km，电池71.0kWh，快充150kW,价格、座椅、车身和智能化字段为规则补齐，正式商用前需接入更权威价格源核验,real_world_enriched,https://www.bmw.com,100.0,price_min|price_max|seats|wheelbase|trunk_volume|safety_score|adas_level,2023
79,BMW,iX xDrive50,SUV,纯电,586000,786000,630,105.2,25,5,awd,L2,公开规格未覆盖，按品牌与年份估算,3090,520,4.7,421,真实公开数据候选;海外新能源车型;续航补能评估,真实规格：2023年，WLTP续航630km，电池105.2kWh，快充195kW,价格、座椅、车身和智能化字段为规则补齐，正式商用前需接入更权威价格源核验,real_world_enriched,https://www.bmw.com,100.0,price_min|price_max|seats|wheelbase|trunk_volume|safety_score|adas_level,2023
80,BMW,iX xDrive50,SUV,纯电,591000,793000,629,105.2,25,5,awd,L2+,公开规格未覆盖，按品牌与年份估算,3090,520,4.8,420,真实公开数据候选;海外新能源车型;续航补能评估,真实规格：2024年，WLTP续航629km，电池105.2kWh，快充195kW,价格、座椅、车身和智能化字段为规则补齐，正式商用前需接入更权威价格源核验,real_world_enriched,https://www.bmw.com,100.0,price_min|price_max|seats|wheelbase|trunk_volume|safety_score|adas_level,2024
81,BMW,iX M60,SUV,纯电,676000,907000,563,105.2,25,5,awd,L2+,公开规格未覆盖，按品牌与年份估算,3090,520,4.8,419,真实公开数据候选;海外新能源车型;续航补能评估,真实规格：2024年，WLTP续航563km，电池105.2kWh，快充195kW,价格、座椅、车身和智能化字段为规则补齐，正式商用前需接入更权威价格源核验,real_world_enriched,https://www.bmw.com,100.0,price_min|price_max|seats|wheelbase|trunk_volume|safety_score|adas_level,2024
82,BMW,iX xDrive40,SUV,纯电,492000,659000,425,71.0,25,5,awd,L2+,公开规格未覆盖，按品牌与年份估算,3000,520,4.7,418,真实公开数据候选;海外新能源车型;续航补能评估,真实规格：2024年，WLTP续航425km，电池71.0kWh，快充150kW,价格、座椅、车身和智能化字段为规则补齐，正式商用前需接入更权威价格源核验,real_world_enriched,https://www.bmw.com,100.0,price_min|price_max|seats|wheelbase|trunk_volume|safety_score|adas_level,2024
83,BMW,iX xDrive50,SUV,纯电,591000,793000,629,105.2,25,5,awd,L2+,公开规格未覆盖，按品牌与年份估算,3090,520,4.8,417,真实公开数据候选;海外新能源车型;续航补能评估,真实规格：2024年，WLTP续航629km，电池105.2kWh，快充195kW,价格、座椅、车身和智能化字段为规则补齐，正式商用前需接入更权威价格源核验,real_world_enriched,https://www.bmw.com,100.0,price_min|price_max|seats|wheelbase|trunk_volume|safety_score|adas_level,2024
84,BMW,iX xDrive50,SUV,纯电,596000,800000,630,105.2,25,5,awd,L2+,公开规格未覆盖，按品牌与年份估算,3090,520,4.8,416,真实公开数据候选;海外新能源车型;续航补能评估,真实规格：2025年，WLTP续航630km，电池105.2kWh，快充195kW,价格、座椅、车身和智能化字段为规则补齐，正式商用前需接入更权威价格源核验,real_world_enriched,https://www.bmw.com/en/models/bmw-i/ix/bmw-ix-highlights.html,100.0,price_min|price_max|seats|wheelbase|trunk_volume|safety_score|adas_level,2025
85,BMW,iX M60,SUV,纯电,681000,914000,561,105.2,25,5,awd,L2+,公开规格未覆盖，按品牌与年份估算,3090,520,4.8,415,真实公开数据候选;海外新能源车型;续航补能评估,真实规格：2025年，WLTP续航561km，电池105.2kWh，快充195kW,价格、座椅、车身和智能化字段为规则补齐，正式商用前需接入更权威价格源核验,real_world_enriched,https://www.bmw.com/en/models/bmw-i/ix/bmw-ix-highlights.html,100.0,price_min|price_max|seats|wheelbase|trunk_volume|safety_score|adas_level,2025
86,BMW,iX xDrive50,SUV,纯电,596000,800000,630,105.2,25,5,awd,L2+,公开规格未覆盖，按品牌与年份估算,3090,520,4.8,414,真实公开数据候选;海外新能源车型;续航补能评估,真实规格：2025年，WLTP续航630km，电池105.2kWh，快充195kW,价格、座椅、车身和智能化字段为规则补齐，正式商用前需接入更权威价格源核验,real_world_enriched,https://www.bmw.com/en/models/bmw-i/ix/bmw-ix-highlights.html,100.0,price_min|price_max|seats|wheelbase|trunk_volume|safety_score|adas_level,2025
87,BMW,iX1 xDrive30,SUV,纯电,476000,639000,438,64.7,32,5,awd,L2,公开规格未覆盖，按品牌与年份估算,3000,520,4.6,413,真实公开数据候选;海外新能源车型;续航补能评估,真实规格：2023年，WLTP续航438km，电池64.7kWh，快充130kW,价格、座椅、车身和智能化字段为规则补齐，正式商用前需接入更权威价格源核验,real_world_enriched,https://www.bmw.com,100.0,price_min|price_max|seats|wheelbase|trunk_volume|safety_score|adas_level,2023
88,BMW,iX1 xDrive30,SUV,纯电,482000,646000,438,64.7,32,5,awd,L2+,公开规格未覆盖，按品牌与年份估算,3000,520,4.7,412,真实公开数据候选;海外新能源车型;续航补能评估,真实规格：2024年，WLTP续航438km，电池64.7kWh，快充130kW,价格、座椅、车身和智能化字段为规则补齐，正式商用前需接入更权威价格源核验,real_world_enriched,https://www.bmw.com,100.0,price_min|price_max|seats|wheelbase|trunk_volume|safety_score|adas_level,2024
89,BMW,iX1 xDrive30,SUV,纯电,487000,653000,438,64.7,32,5,awd,L2+,公开规格未覆盖，按品牌与年份估算,3000,520,4.7,411,真实公开数据候选;海外新能源车型;续航补能评估,真实规格：2025年，WLTP续航438km，电池64.7kWh，快充130kW,价格、座椅、车身和智能化字段为规则补齐，正式商用前需接入更权威价格源核验,real_world_enriched,https://www.bmw.com,100.0,price_min|price_max|seats|wheelbase|trunk_volume|safety_score|adas_level,2025
90,BMW,iX2 xDrive30,SUV,纯电,483000,648000,449,64.7,32,5,awd,L2+,公开规格未覆盖，按品牌与年份估算,3000,520,4.7,410,真实公开数据候选;海外新能源车型;续航补能评估,真实规格：2024年，WLTP续航449km，电池64.7kWh，快充130kW,价格、座椅、车身和智能化字段为规则补齐，正式商用前需接入更权威价格源核验,real_world_enriched,https://www.bmw.com,100.0,price_min|price_max|seats|wheelbase|trunk_volume|safety_score|adas_level,2024
91,BMW,iX2 xDrive30,SUV,纯电,488000,655000,449,64.7,32,5,awd,L2+,公开规格未覆盖，按品牌与年份估算,3000,520,4.7,409,真实公开数据候选;海外新能源车型;续航补能评估,真实规格：2025年，WLTP续航449km，电池64.7kWh，快充130kW,价格、座椅、车身和智能化字段为规则补齐，正式商用前需接入更权威价格源核验,real_world_enriched,https://www.bmw.com,100.0,price_min|price_max|seats|wheelbase|trunk_volume|safety_score|adas_level,2025
92,BMW,iX3 iX3,SUV,纯电,489000,656000,461,74.0,25,5,rwd,L2,公开规格未覆盖，按品牌与年份估算,3000,520,4.6,408,真实公开数据候选;海外新能源车型;续航补能评估,真实规格：2023年，WLTP续航461km，电池74.0kWh，快充155kW,价格、座椅、车身和智能化字段为规则补齐，正式商用前需接入更权威价格源核验,real_world_enriched,https://www.bmw.com,100.0,price_min|price_max|seats|wheelbase|trunk_volume|safety_score|adas_level,2023
93,BMW,iX3 iX3,SUV,纯电,494000,663000,461,74.0,25,5,rwd,L2+,公开规格未覆盖，按品牌与年份估算,3000,520,4.7,407,真实公开数据候选;海外新能源车型;续航补能评估,真实规格：2024年，WLTP续航461km，电池74.0kWh，快充155kW,价格、座椅、车身和智能化字段为规则补齐，正式商用前需接入更权威价格源核验,real_world_enriched,https://www.bmw.com,100.0,price_min|price_max|seats|wheelbase|trunk_volume|safety_score|adas_level,2024
94,Hyundai,IONIQ 5 Base,SUV,纯电,418000,561000,507,72.6,25,5,rwd,L2,公开规格未覆盖，按品牌与年份估算,2920,520,4.6,406,真实公开数据候选;海外新能源车型;续航补能评估,真实规格：2023年，WLTP续航507km，电池72.6kWh，快充220kW,价格、座椅、车身和智能化字段为规则补齐，正式商用前需接入更权威价格源核验,real_world_enriched,https://www.hyundai.com,100.0,price_min|price_max|seats|wheelbase|trunk_volume|safety_score|adas_level,2023
95,Hyundai,IONIQ 5 AWD,SUV,纯电,428000,574000,480,72.6,25,5,awd,L2,公开规格未覆盖，按品牌与年份估算,2920,520,4.6,405,真实公开数据候选;海外新能源车型;续航补能评估,真实规格：2023年，WLTP续航480km，电池72.6kWh，快充220kW,价格、座椅、车身和智能化字段为规则补齐，正式商用前需接入更权威价格源核验,real_world_enriched,https://www.hyundai.com,100.0,price_min|price_max|seats|wheelbase|trunk_volume|safety_score|adas_level,2023
96,Hyundai,IONIQ 5 Base,SUV,纯电,423000,568000,507,72.6,25,5,rwd,L2+,公开规格未覆盖，按品牌与年份估算,2920,520,4.7,404,真实公开数据候选;海外新能源车型;续航补能评估,真实规格：2024年，WLTP续航507km，电池72.6kWh，快充220kW,价格、座椅、车身和智能化字段为规则补齐，正式商用前需接入更权威价格源核验,real_world_enriched,https://www.hyundai.com,100.0,price_min|price_max|seats|wheelbase|trunk_volume|safety_score|adas_level,2024
97,Hyundai,IONIQ 5 AWD,SUV,纯电,434000,581000,480,72.6,25,5,awd,L2+,公开规格未覆盖，按品牌与年份估算,2920,520,4.7,403,真实公开数据候选;海外新能源车型;续航补能评估,真实规格：2024年，WLTP续航480km，电池72.6kWh，快充220kW,价格、座椅、车身和智能化字段为规则补齐，正式商用前需接入更权威价格源核验,real_world_enriched,https://www.hyundai.com,100.0,price_min|price_max|seats|wheelbase|trunk_volume|safety_score|adas_level,2024
98,Hyundai,IONIQ 5 N,SUV,纯电,546000,732000,350,78.0,25,5,awd,L2+,公开规格未覆盖，按品牌与年份估算,2920,520,4.8,402,真实公开数据候选;海外新能源车型;续航补能评估,真实规格：2024年，WLTP续航350km，电池78.0kWh，快充220kW,价格、座椅、车身和智能化字段为规则补齐，正式商用前需接入更权威价格源核验,real_world_enriched,https://www.hyundai.com,100.0,price_min|price_max|seats|wheelbase|trunk_volume|safety_score|adas_level,2024
99,Hyundai,IONIQ 5 Base,SUV,纯电,429000,575000,507,72.6,25,5,rwd,L2+,公开规格未覆盖，按品牌与年份估算,2920,520,4.7,401,真实公开数据候选;海外新能源车型;续航补能评估,真实规格：2025年，WLTP续航507km，电池72.6kWh，快充220kW,价格、座椅、车身和智能化字段为规则补齐，正式商用前需接入更权威价格源核验,real_world_enriched,https://www.hyundai.com,100.0,price_min|price_max|seats|wheelbase|trunk_volume|safety_score|adas_level,2025
100,Hyundai,IONIQ 5 AWD,SUV,纯电,439000,589000,480,72.6,25,5,awd,L2+,公开规格未覆盖，按品牌与年份估算,2920,520,4.7,400,真实公开数据候选;海外新能源车型;续航补能评估,真实规格：2025年，WLTP续航480km，电池72.6kWh，快充220kW,价格、座椅、车身和智能化字段为规则补齐，正式商用前需接入更权威价格源核验,real_world_enriched,https://www.hyundai.com,100.0,price_min|price_max|seats|wheelbase|trunk_volume|safety_score|adas_level,2025
101,Hyundai,IONIQ 5 N,SUV,纯电,551000,739000,350,78.0,25,5,awd,L2+,公开规格未覆盖，按品牌与年份估算,2920,520,4.8,399,真实公开数据候选;海外新能源车型;续航补能评估,真实规格：2025年，WLTP续航350km，电池78.0kWh，快充220kW,价格、座椅、车身和智能化字段为规则补齐，正式商用前需接入更权威价格源核验,real_world_enriched,https://www.hyundai.com,100.0,price_min|price_max|seats|wheelbase|trunk_volume|safety_score|adas_level,2025
102,Hyundai,IONIQ 6 Standard Range,轿车,纯电,401000,537000,429,50.0,25,5,rwd,L2,公开规格未覆盖，按品牌与年份估算,2860,470,4.6,398,真实公开数据候选;海外新能源车型;续航补能评估,真实规格：2023年，WLTP续航429km，电池50.0kWh，快充220kW,价格、座椅、车身和智能化字段为规则补齐，正式商用前需接入更权威价格源核验,real_world_enriched,https://www.hyundai.com,100.0,price_min|price_max|seats|wheelbase|trunk_volume|safety_score|adas_level,2023
103,Hyundai,IONIQ 6 AWD,轿车,纯电,395000,530000,583,72.6,25,5,awd,L2,公开规格未覆盖，按品牌与年份估算,2860,470,4.6,397,真实公开数据候选;海外新能源车型;续航补能评估,真实规格：2023年，WLTP续航583km，电池72.6kWh，快充220kW,价格、座椅、车身和智能化字段为规则补齐，正式商用前需接入更权威价格源核验,real_world_enriched,https://www.hyundai.com,100.0,price_min|price_max|seats|wheelbase|trunk_volume|safety_score|adas_level,2023
104,Hyundai,IONIQ 6 Long Range,轿车,纯电,464000,623000,614,72.6,25,5,rwd,L2,公开规格未覆盖，按品牌与年份估算,2860,470,4.6,396,真实公开数据候选;海外新能源车型;续航补能评估,真实规格：2023年，WLTP续航614km，电池72.6kWh，快充220kW,价格、座椅、车身和智能化字段为规则补齐，正式商用前需接入更权威价格源核验,real_world_enriched,https://www.hyundai.com,100.0,price_min|price_max|seats|wheelbase|trunk_volume|safety_score|adas_level,2023
105,Hyundai,IONIQ 6 Standard Range,轿车,纯电,406000,544000,429,50.0,25,5,rwd,L2+,公开规格未覆盖，按品牌与年份估算,2860,470,4.7,395,真实公开数据候选;海外新能源车型;续航补能评估,真实规格：2024年，WLTP续航429km，电池50.0kWh，快充220kW,价格、座椅、车身和智能化字段为规则补齐，正式商用前需接入更权威价格源核验,real_world_enriched,https://www.hyundai.com,100.0,price_min|price_max|seats|wheelbase|trunk_volume|safety_score|adas_level,2024
106,Hyundai,IONIQ 6 AWD,轿车,纯电,400000,537000,583,72.6,25,5,awd,L2+,公开规格未覆盖，按品牌与年份估算,2860,470,4.7,394,真实公开数据候选;海外新能源车型;续航补能评估,真实规格：2024年，WLTP续航583km，电池72.6kWh，快充220kW,价格、座椅、车身和智能化字段为规则补齐，正式商用前需接入更权威价格源核验,real_world_enriched,https://www.hyundai.com,100.0,price_min|price_max|seats|wheelbase|trunk_volume|safety_score|adas_level,2024
107,Hyundai,IONIQ 6 Long Range,轿车,纯电,470000,630000,614,72.6,25,5,rwd,L2+,公开规格未覆盖，按品牌与年份估算,2860,470,4.7,393,真实公开数据候选;海外新能源车型;续航补能评估,真实规格：2024年，WLTP续航614km，电池72.6kWh，快充220kW,价格、座椅、车身和智能化字段为规则补齐，正式商用前需接入更权威价格源核验,real_world_enriched,https://www.hyundai.com,100.0,price_min|price_max|seats|wheelbase|trunk_volume|safety_score|adas_level,2024
108,Hyundai,IONIQ 6 Standard Range,轿车,纯电,411000,551000,429,50.0,25,5,rwd,L2+,公开规格未覆盖，按品牌与年份估算,2860,470,4.7,392,真实公开数据候选;海外新能源车型;续航补能评估,真实规格：2025年，WLTP续航429km，电池50.0kWh，快充220kW,价格、座椅、车身和智能化字段为规则补齐，正式商用前需接入更权威价格源核验,real_world_enriched,https://www.hyundai.com,100.0,price_min|price_max|seats|wheelbase|trunk_volume|safety_score|adas_level,2025
109,Hyundai,IONIQ 6 AWD,轿车,纯电,406000,544000,583,72.6,25,5,awd,L2+,公开规格未覆盖，按品牌与年份估算,2860,470,4.7,391,真实公开数据候选;海外新能源车型;续航补能评估,真实规格：2025年，WLTP续航583km，电池72.6kWh，快充220kW,价格、座椅、车身和智能化字段为规则补齐，正式商用前需接入更权威价格源核验,real_world_enriched,https://www.hyundai.com,100.0,price_min|price_max|seats|wheelbase|trunk_volume|safety_score|adas_level,2025
110,Hyundai,IONIQ 6 Long Range,轿车,纯电,475000,637000,614,72.6,25,5,rwd,L2+,公开规格未覆盖，按品牌与年份估算,2860,470,4.7,390,真实公开数据候选;海外新能源车型;续航补能评估,真实规格：2025年，WLTP续航614km，电池72.6kWh，快充220kW,价格、座椅、车身和智能化字段为规则补齐，正式商用前需接入更权威价格源核验,real_world_enriched,https://www.hyundai.com,100.0,price_min|price_max|seats|wheelbase|trunk_volume|safety_score|adas_level,2025
111,Hyundai,IONIQ 9 Long Range AWD,SUV,纯电,581000,779000,620,99.5,18,5,awd,L2+,公开规格未覆盖，按品牌与年份估算,3010,520,4.8,389,真实公开数据候选;海外新能源车型;续航补能评估,真实规格：2025年，WLTP续航620km，电池99.5kWh，快充350kW,价格、座椅、车身和智能化字段为规则补齐，正式商用前需接入更权威价格源核验,real_world_enriched,https://www.hyundai.com,100.0,price_min|price_max|seats|wheelbase|trunk_volume|safety_score|adas_level,2025
112,Hyundai,Kona Electric Standard Range,SUV,纯电,413000,554000,305,36.0,32,5,fwd,L2,公开规格未覆盖，按品牌与年份估算,2780,520,4.6,388,真实公开数据候选;海外新能源车型;续航补能评估,真实规格：2023年，WLTP续航305km，电池36.0kWh，快充100kW,价格、座椅、车身和智能化字段为规则补齐，正式商用前需接入更权威价格源核验,real_world_enriched,https://www.hyundai.com,100.0,price_min|price_max|seats|wheelbase|trunk_volume|safety_score|adas_level,2023
113,Hyundai,Kona Electric Long Range,SUV,纯电,470000,630000,484,58.0,32,5,fwd,L2,公开规格未覆盖，按品牌与年份估算,2920,520,4.6,387,真实公开数据候选;海外新能源车型;续航补能评估,真实规格：2023年，WLTP续航484km，电池58.0kWh，快充100kW,价格、座椅、车身和智能化字段为规则补齐，正式商用前需接入更权威价格源核验,real_world_enriched,https://www.hyundai.com,100.0,price_min|price_max|seats|wheelbase|trunk_volume|safety_score|adas_level,2023
114,Hyundai,Kona Electric Standard Range,SUV,纯电,419000,561000,305,36.0,32,5,fwd,L2+,公开规格未覆盖，按品牌与年份估算,2780,520,4.7,386,真实公开数据候选;海外新能源车型;续航补能评估,真实规格：2024年，WLTP续航305km，电池36.0kWh，快充100kW,价格、座椅、车身和智能化字段为规则补齐，正式商用前需接入更权威价格源核验,real_world_enriched,https://www.hyundai.com,100.0,price_min|price_max|seats|wheelbase|trunk_volume|safety_score|adas_level,2024
115,Hyundai,Kona Electric Long Range,SUV,纯电,475000,637000,484,58.0,32,5,fwd,L2+,公开规格未覆盖，按品牌与年份估算,2920,520,4.7,385,真实公开数据候选;海外新能源车型;续航补能评估,真实规格：2024年，WLTP续航484km，电池58.0kWh，快充100kW,价格、座椅、车身和智能化字段为规则补齐，正式商用前需接入更权威价格源核验,real_world_enriched,https://www.hyundai.com,100.0,price_min|price_max|seats|wheelbase|trunk_volume|safety_score|adas_level,2024
116,Hyundai,Kona Electric Standard Range,SUV,纯电,424000,568000,305,36.0,32,5,fwd,L2+,公开规格未覆盖，按品牌与年份估算,2780,520,4.7,384,真实公开数据候选;海外新能源车型;续航补能评估,真实规格：2025年，WLTP续航305km，电池36.0kWh，快充100kW,价格、座椅、车身和智能化字段为规则补齐，正式商用前需接入更权威价格源核验,real_world_enriched,https://www.hyundai.com,100.0,price_min|price_max|seats|wheelbase|trunk_volume|safety_score|adas_level,2025
117,Hyundai,Kona Electric Long Range,SUV,纯电,480000,644000,484,58.0,32,5,fwd,L2+,公开规格未覆盖，按品牌与年份估算,2920,520,4.7,383,真实公开数据候选;海外新能源车型;续航补能评估,真实规格：2025年，WLTP续航484km，电池58.0kWh，快充100kW,价格、座椅、车身和智能化字段为规则补齐，正式商用前需接入更权威价格源核验,real_world_enriched,https://www.hyundai.com,100.0,price_min|price_max|seats|wheelbase|trunk_volume|safety_score|adas_level,2025
118,Peugeot,e-2008 Base,轿车,纯电,252000,338000,345,46.0,32,5,fwd,L2,公开规格未覆盖，按品牌与年份估算,2860,470,4.4,382,真实公开数据候选;海外新能源车型;续航补能评估,真实规格：2023年，WLTP续航345km，电池46.0kWh，快充100kW,价格、座椅、车身和智能化字段为规则补齐，正式商用前需接入更权威价格源核验,real_world_enriched,https://www.peugeot.com,100.0,price_min|price_max|seats|wheelbase|trunk_volume|safety_score|adas_level,2023
119,Peugeot,e-2008 Base,轿车,纯电,272000,365000,406,50.0,32,5,fwd,L2,公开规格未覆盖，按品牌与年份估算,2860,470,4.5,381,真实公开数据候选;海外新能源车型;续航补能评估,真实规格：2024年，WLTP续航406km，电池50.0kWh，快充100kW,价格、座椅、车身和智能化字段为规则补齐，正式商用前需接入更权威价格源核验,real_world_enriched,https://www.peugeot.com,100.0,price_min|price_max|seats|wheelbase|trunk_volume|safety_score|adas_level,2024
120,Peugeot,e-2008 Base,轿车,纯电,277000,372000,406,50.0,32,5,fwd,L2,公开规格未覆盖，按品牌与年份估算,2860,470,4.5,380,真实公开数据候选;海外新能源车型;续航补能评估,真实规格：2025年，WLTP续航406km，电池50.0kWh，快充100kW,价格、座椅、车身和智能化字段为规则补齐，正式商用前需接入更权威价格源核验,real_world_enriched,https://www.peugeot.com,100.0,price_min|price_max|seats|wheelbase|trunk_volume|safety_score|adas_level,2025
121,Peugeot,e-208 Base,轿车,纯电,254000,340000,362,46.0,32,5,fwd,L2,公开规格未覆盖，按品牌与年份估算,2860,470,4.4,379,真实公开数据候选;海外新能源车型;续航补能评估,真实规格：2023年，WLTP续航362km，电池46.0kWh，快充100kW,价格、座椅、车身和智能化字段为规则补齐，正式商用前需接入更权威价格源核验,real_world_enriched,https://www.peugeot.com,100.0,price_min|price_max|seats|wheelbase|trunk_volume|safety_score|adas_level,2023
122,Peugeot,e-208 Base,轿车,纯电,272000,364000,400,50.0,32,5,fwd,L2,公开规格未覆盖，按品牌与年份估算,2860,470,4.5,378,真实公开数据候选;海外新能源车型;续航补能评估,真实规格：2024年，WLTP续航400km，电池50.0kWh，快充100kW,价格、座椅、车身和智能化字段为规则补齐，正式商用前需接入更权威价格源核验,real_world_enriched,https://www.peugeot.com,100.0,price_min|price_max|seats|wheelbase|trunk_volume|safety_score|adas_level,2024
123,Peugeot,e-208 Base,轿车,纯电,278000,373000,410,50.0,32,5,fwd,L2,公开规格未覆盖，按品牌与年份估算,2860,470,4.5,377,真实公开数据候选;海外新能源车型;续航补能评估,真实规格：2025年，WLTP续航410km，电池50.0kWh，快充100kW,价格、座椅、车身和智能化字段为规则补齐，正式商用前需接入更权威价格源核验,real_world_enriched,https://www.peugeot.com,100.0,price_min|price_max|seats|wheelbase|trunk_volume|safety_score|adas_level,2025
124,Peugeot,e-3008 Base,轿车,纯电,317000,425000,525,70.0,25,5,fwd,L2,公开规格未覆盖，按品牌与年份估算,2860,470,4.4,376,真实公开数据候选;海外新能源车型;续航补能评估,真实规格：2023年，WLTP续航525km，电池70.0kWh，快充160kW,价格、座椅、车身和智能化字段为规则补齐，正式商用前需接入更权威价格源核验,real_world_enriched,https://www.peugeot.com,100.0,price_min|price_max|seats|wheelbase|trunk_volume|safety_score|adas_level,2023
125,Peugeot,e-3008 Base,轿车,纯电,322000,433000,525,70.0,25,5,fwd,L2,公开规格未覆盖，按品牌与年份估算,2860,470,4.5,375,真实公开数据候选;海外新能源车型;续航补能评估,真实规格：2024年，WLTP续航525km，电池70.0kWh，快充160kW,价格、座椅、车身和智能化字段为规则补齐，正式商用前需接入更权威价格源核验,real_world_enriched,https://www.peugeot.com,100.0,price_min|price_max|seats|wheelbase|trunk_volume|safety_score|adas_level,2024
126,Peugeot,e-3008 Base,轿车,纯电,328000,440000,525,70.0,25,5,fwd,L2,公开规格未覆盖，按品牌与年份估算,2860,470,4.5,374,真实公开数据候选;海外新能源车型;续航补能评估,真实规格：2025年，WLTP续航525km，电池70.0kWh，快充160kW,价格、座椅、车身和智能化字段为规则补齐，正式商用前需接入更权威价格源核验,real_world_enriched,https://www.peugeot.com,100.0,price_min|price_max|seats|wheelbase|trunk_volume|safety_score|adas_level,2025
127,Peugeot,e-408 Base,轿车,纯电,315000,422000,453,70.0,25,5,fwd,L2,公开规格未覆盖，按品牌与年份估算,2860,470,4.5,373,真实公开数据候选;海外新能源车型;续航补能评估,真实规格：2024年，WLTP续航453km，电池70.0kWh，快充160kW,价格、座椅、车身和智能化字段为规则补齐，正式商用前需接入更权威价格源核验,real_world_enriched,https://www.peugeot.com,100.0,price_min|price_max|seats|wheelbase|trunk_volume|safety_score|adas_level,2024
128,Peugeot,e-408 Base,轿车,纯电,320000,429000,453,70.0,25,5,fwd,L2,公开规格未覆盖，按品牌与年份估算,2860,470,4.5,372,真实公开数据候选;海外新能源车型;续航补能评估,真实规格：2025年，WLTP续航453km，电池70.0kWh，快充160kW,价格、座椅、车身和智能化字段为规则补齐，正式商用前需接入更权威价格源核验,real_world_enriched,https://www.peugeot.com,100.0,price_min|price_max|seats|wheelbase|trunk_volume|safety_score|adas_level,2025
129,Peugeot,e-5008 Base,轿车,纯电,320000,429000,500,70.0,25,5,fwd,L2,公开规格未覆盖，按品牌与年份估算,2860,470,4.5,371,真实公开数据候选;海外新能源车型;续航补能评估,真实规格：2024年，WLTP续航500km，电池70.0kWh，快充160kW,价格、座椅、车身和智能化字段为规则补齐，正式商用前需接入更权威价格源核验,real_world_enriched,https://www.peugeot.com,100.0,price_min|price_max|seats|wheelbase|trunk_volume|safety_score|adas_level,2024
130,Peugeot,e-5008 Base,轿车,纯电,325000,436000,500,70.0,25,5,fwd,L2,公开规格未覆盖，按品牌与年份估算,2860,470,4.5,370,真实公开数据候选;海外新能源车型;续航补能评估,真实规格：2025年，WLTP续航500km，电池70.0kWh，快充160kW,价格、座椅、车身和智能化字段为规则补齐，正式商用前需接入更权威价格源核验,real_world_enriched,https://www.peugeot.com,100.0,price_min|price_max|seats|wheelbase|trunk_volume|safety_score|adas_level,2025
131,Volkswagen,ID.3 PRO,轿车,纯电,340000,457000,428,58.0,32,5,rwd,L2,公开规格未覆盖，按品牌与年份估算,2860,470,4.6,369,真实公开数据候选;海外新能源车型;续航补能评估,真实规格：2023年，WLTP续航428km，电池58.0kWh，快充135kW,价格、座椅、车身和智能化字段为规则补齐，正式商用前需接入更权威价格源核验,real_world_enriched,https://www.volkswagen.de,100.0,price_min|price_max|seats|wheelbase|trunk_volume|safety_score|adas_level,2023
132,Volkswagen,ID.3 PRO S,轿车,纯电,383000,513000,559,77.0,32,5,rwd,L2,公开规格未覆盖，按品牌与年份估算,2860,470,4.6,368,真实公开数据候选;海外新能源车型;续航补能评估,真实规格：2023年，WLTP续航559km，电池77.0kWh，快充135kW,价格、座椅、车身和智能化字段为规则补齐，正式商用前需接入更权威价格源核验,real_world_enriched,https://www.volkswagen.de,100.0,price_min|price_max|seats|wheelbase|trunk_volume|safety_score|adas_level,2023
133,Volkswagen,ID.3 PRO,轿车,纯电,346000,464000,428,58.0,32,5,rwd,L2+,公开规格未覆盖，按品牌与年份估算,2860,470,4.7,367,真实公开数据候选;海外新能源车型;续航补能评估,真实规格：2024年，WLTP续航428km，电池58.0kWh，快充135kW,价格、座椅、车身和智能化字段为规则补齐，正式商用前需接入更权威价格源核验,real_world_enriched,https://www.volkswagen.de,100.0,price_min|price_max|seats|wheelbase|trunk_volume|safety_score|adas_level,2024
134,Volkswagen,ID.3 GTX,轿车,纯电,488000,655000,600,77.0,25,5,awd,L2+,公开规格未覆盖，按品牌与年份估算,2860,470,4.7,366,真实公开数据候选;海外新能源车型;续航补能评估,真实规格：2024年，WLTP续航600km，电池77.0kWh，快充175kW,价格、座椅、车身和智能化字段为规则补齐，正式商用前需接入更权威价格源核验,real_world_enriched,https://www.volkswagen.de,100.0,price_min|price_max|seats|wheelbase|trunk_volume|safety_score|adas_level,2024
135,Volkswagen,ID.3 PRO S,轿车,纯电,388000,520000,559,77.0,32,5,rwd,L2+,公开规格未覆盖，按品牌与年份估算,2860,470,4.7,365,真实公开数据候选;海外新能源车型;续航补能评估,真实规格：2024年，WLTP续航559km，电池77.0kWh，快充135kW,价格、座椅、车身和智能化字段为规则补齐，正式商用前需接入更权威价格源核验,real_world_enriched,https://www.volkswagen.de,100.0,price_min|price_max|seats|wheelbase|trunk_volume|safety_score|adas_level,2024
136,Volkswagen,ID.3 PRO,轿车,纯电,351000,471000,428,58.0,32,5,rwd,L2+,公开规格未覆盖，按品牌与年份估算,2860,470,4.7,364,真实公开数据候选;海外新能源车型;续航补能评估,真实规格：2025年，WLTP续航428km，电池58.0kWh，快充135kW,价格、座椅、车身和智能化字段为规则补齐，正式商用前需接入更权威价格源核验,real_world_enriched,https://www.volkswagen.de,100.0,price_min|price_max|seats|wheelbase|trunk_volume|safety_score|adas_level,2025
137,Volkswagen,ID.3 GTX,轿车,纯电,493000,662000,600,77.0,25,5,awd,L2+,公开规格未覆盖，按品牌与年份估算,2860,470,4.7,363,真实公开数据候选;海外新能源车型;续航补能评估,真实规格：2025年，WLTP续航600km，电池77.0kWh，快充175kW,价格、座椅、车身和智能化字段为规则补齐，正式商用前需接入更权威价格源核验,real_world_enriched,https://www.volkswagen.de,100.0,price_min|price_max|seats|wheelbase|trunk_volume|safety_score|adas_level,2025
138,Volkswagen,ID.3 PRO S,轿车,纯电,393000,528000,559,77.0,32,5,rwd,L2+,公开规格未覆盖，按品牌与年份估算,2860,470,4.7,362,真实公开数据候选;海外新能源车型;续航补能评估,真实规格：2025年，WLTP续航559km，电池77.0kWh，快充135kW,价格、座椅、车身和智能化字段为规则补齐，正式商用前需接入更权威价格源核验,real_world_enriched,https://www.volkswagen.de,100.0,price_min|price_max|seats|wheelbase|trunk_volume|safety_score|adas_level,2025
139,Volkswagen,ID.4 PRO,轿车,纯电,379000,508000,520,77.0,32,5,rwd,L2,公开规格未覆盖，按品牌与年份估算,2860,470,4.6,361,真实公开数据候选;海外新能源车型;续航补能评估,真实规格：2023年，WLTP续航520km，电池77.0kWh，快充135kW,价格、座椅、车身和智能化字段为规则补齐，正式商用前需接入更权威价格源核验,real_world_enriched,https://www.volkswagen.de,100.0,price_min|price_max|seats|wheelbase|trunk_volume|safety_score|adas_level,2023
140,Volkswagen,ID.4 GTX,轿车,纯电,467000,626000,480,77.0,32,5,awd,L2,公开规格未覆盖，按品牌与年份估算,2860,470,4.6,360,真实公开数据候选;海外新能源车型;续航补能评估,真实规格：2023年，WLTP续航480km，电池77.0kWh，快充135kW,价格、座椅、车身和智能化字段为规则补齐，正式商用前需接入更权威价格源核验,real_world_enriched,https://www.volkswagen.de,100.0,price_min|price_max|seats|wheelbase|trunk_volume|safety_score|adas_level,2023
141,Volkswagen,ID.4 PRO,轿车,纯电,384000,515000,520,77.0,32,5,rwd,L2+,公开规格未覆盖，按品牌与年份估算,2860,470,4.7,359,真实公开数据候选;海外新能源车型;续航补能评估,真实规格：2024年，WLTP续航520km，电池77.0kWh，快充135kW,价格、座椅、车身和智能化字段为规则补齐，正式商用前需接入更权威价格源核验,real_world_enriched,https://www.volkswagen.de,100.0,price_min|price_max|seats|wheelbase|trunk_volume|safety_score|adas_level,2024
142,Volkswagen,ID.4 GTX,轿车,纯电,472000,633000,480,77.0,32,5,awd,L2+,公开规格未覆盖，按品牌与年份估算,2860,470,4.7,358,真实公开数据候选;海外新能源车型;续航补能评估,真实规格：2024年，WLTP续航480km，电池77.0kWh，快充135kW,价格、座椅、车身和智能化字段为规则补齐，正式商用前需接入更权威价格源核验,real_world_enriched,https://www.volkswagen.de,100.0,price_min|price_max|seats|wheelbase|trunk_volume|safety_score|adas_level,2024
143,Volkswagen,ID.4 PRO,轿车,纯电,389000,522000,520,77.0,32,5,rwd,L2+,公开规格未覆盖，按品牌与年份估算,2860,470,4.7,357,真实公开数据候选;海外新能源车型;续航补能评估,真实规格：2025年，WLTP续航520km，电池77.0kWh，快充135kW,价格、座椅、车身和智能化字段为规则补齐，正式商用前需接入更权威价格源核验,real_world_enriched,https://www.volkswagen.de,100.0,price_min|price_max|seats|wheelbase|trunk_volume|safety_score|adas_level,2025
144,Volkswagen,ID.4 GTX,轿车,纯电,477000,640000,480,77.0,32,5,awd,L2+,公开规格未覆盖，按品牌与年份估算,2860,470,4.7,356,真实公开数据候选;海外新能源车型;续航补能评估,真实规格：2025年，WLTP续航480km，电池77.0kWh，快充135kW,价格、座椅、车身和智能化字段为规则补齐，正式商用前需接入更权威价格源核验,real_world_enriched,https://www.volkswagen.de,100.0,price_min|price_max|seats|wheelbase|trunk_volume|safety_score|adas_level,2025
145,Volkswagen,ID.5 PRO,轿车,纯电,379000,508000,520,77.0,32,5,rwd,L2,公开规格未覆盖，按品牌与年份估算,2860,470,4.6,355,真实公开数据候选;海外新能源车型;续航补能评估,真实规格：2023年，WLTP续航520km，电池77.0kWh，快充135kW,价格、座椅、车身和智能化字段为规则补齐，正式商用前需接入更权威价格源核验,real_world_enriched,https://www.volkswagen.de,100.0,price_min|price_max|seats|wheelbase|trunk_volume|safety_score|adas_level,2023
146,Volkswagen,ID.5 GTX,轿车,纯电,467000,626000,480,77.0,32,5,awd,L2,公开规格未覆盖，按品牌与年份估算,2860,470,4.6,354,真实公开数据候选;海外新能源车型;续航补能评估,真实规格：2023年，WLTP续航480km，电池77.0kWh，快充135kW,价格、座椅、车身和智能化字段为规则补齐，正式商用前需接入更权威价格源核验,real_world_enriched,https://www.volkswagen.de,100.0,price_min|price_max|seats|wheelbase|trunk_volume|safety_score|adas_level,2023
147,Volkswagen,ID.5 PRO,轿车,纯电,384000,515000,520,77.0,32,5,rwd,L2+,公开规格未覆盖，按品牌与年份估算,2860,470,4.7,353,真实公开数据候选;海外新能源车型;续航补能评估,真实规格：2024年，WLTP续航520km，电池77.0kWh，快充135kW,价格、座椅、车身和智能化字段为规则补齐，正式商用前需接入更权威价格源核验,real_world_enriched,https://www.volkswagen.de,100.0,price_min|price_max|seats|wheelbase|trunk_volume|safety_score|adas_level,2024
148,Volkswagen,ID.5 GTX,轿车,纯电,472000,633000,480,77.0,32,5,awd,L2+,公开规格未覆盖，按品牌与年份估算,2860,470,4.7,352,真实公开数据候选;海外新能源车型;续航补能评估,真实规格：2024年，WLTP续航480km，电池77.0kWh，快充135kW,价格、座椅、车身和智能化字段为规则补齐，正式商用前需接入更权威价格源核验,real_world_enriched,https://www.volkswagen.de,100.0,price_min|price_max|seats|wheelbase|trunk_volume|safety_score|adas_level,2024
149,Volkswagen,ID.5 PRO,轿车,纯电,389000,522000,520,77.0,32,5,rwd,L2+,公开规格未覆盖，按品牌与年份估算,2860,470,4.7,351,真实公开数据候选;海外新能源车型;续航补能评估,真实规格：2025年，WLTP续航520km，电池77.0kWh，快充135kW,价格、座椅、车身和智能化字段为规则补齐，正式商用前需接入更权威价格源核验,real_world_enriched,https://www.volkswagen.de,100.0,price_min|price_max|seats|wheelbase|trunk_volume|safety_score|adas_level,2025
150,Volkswagen,ID.5 GTX,轿车,纯电,477000,640000,480,77.0,32,5,awd,L2+,公开规格未覆盖，按品牌与年份估算,2860,470,4.7,350,真实公开数据候选;海外新能源车型;续航补能评估,真实规格：2025年，WLTP续航480km，电池77.0kWh，快充135kW,价格、座椅、车身和智能化字段为规则补齐，正式商用前需接入更权威价格源核验,real_world_enriched,https://www.volkswagen.de,100.0,price_min|price_max|seats|wheelbase|trunk_volume|safety_score|adas_level,2025
151,Volkswagen,ID.7 PRO,轿车,纯电,427000,573000,700,86.0,25,5,rwd,L2+,公开规格未覆盖，按品牌与年份估算,2860,470,4.7,349,真实公开数据候选;海外新能源车型;续航补能评估,真实规格：2024年，WLTP续航700km，电池86.0kWh，快充175kW,价格、座椅、车身和智能化字段为规则补齐，正式商用前需接入更权威价格源核验,real_world_enriched,https://www.volkswagen.de,100.0,price_min|price_max|seats|wheelbase|trunk_volume|safety_score|adas_level,2024
152,Volkswagen,ID.7 Tour,轿车,纯电,427000,573000,700,86.0,25,5,rwd,L2+,公开规格未覆盖，按品牌与年份估算,2860,470,4.7,348,真实公开数据候选;海外新能源车型;续航补能评估,真实规格：2024年，WLTP续航700km，电池86.0kWh，快充175kW,价格、座椅、车身和智能化字段为规则补齐，正式商用前需接入更权威价格源核验,real_world_enriched,https://www.volkswagen.de,100.0,price_min|price_max|seats|wheelbase|trunk_volume|safety_score|adas_level,2024
153,Volkswagen,ID.7 PRO,轿车,纯电,433000,580000,700,86.0,25,5,rwd,L2+,公开规格未覆盖，按品牌与年份估算,2860,470,4.7,347,真实公开数据候选;海外新能源车型;续航补能评估,真实规格：2025年，WLTP续航700km，电池86.0kWh，快充175kW,价格、座椅、车身和智能化字段为规则补齐，正式商用前需接入更权威价格源核验,real_world_enriched,https://www.volkswagen.de,100.0,price_min|price_max|seats|wheelbase|trunk_volume|safety_score|adas_level,2025
154,Volkswagen,ID.7 Tour,轿车,纯电,433000,580000,700,86.0,25,5,rwd,L2+,公开规格未覆盖，按品牌与年份估算,2860,470,4.7,346,真实公开数据候选;海外新能源车型;续航补能评估,真实规格：2025年，WLTP续航700km，电池86.0kWh，快充175kW,价格、座椅、车身和智能化字段为规则补齐，正式商用前需接入更权威价格源核验,real_world_enriched,https://www.volkswagen.de,100.0,price_min|price_max|seats|wheelbase|trunk_volume|safety_score|adas_level,2025
155,Volkswagen,ID. Buzz PRO,轿车,纯电,368000,494000,423,77.0,32,7,rwd,L2,公开规格未覆盖，按品牌与年份估算,2860,380,4.6,345,真实公开数据候选;海外新能源车型;续航补能评估,真实规格：2023年，WLTP续航423km，电池77.0kWh，快充135kW,价格、座椅、车身和智能化字段为规则补齐，正式商用前需接入更权威价格源核验,real_world_enriched,https://www.volkswagen.de,100.0,price_min|price_max|seats|wheelbase|trunk_volume|safety_score|adas_level,2023
156,Volkswagen,ID. Buzz Cargo,轿车,纯电,368000,494000,423,77.0,32,7,rwd,L2,公开规格未覆盖，按品牌与年份估算,2860,380,4.6,344,真实公开数据候选;海外新能源车型;续航补能评估,真实规格：2023年，WLTP续航423km，电池77.0kWh，快充135kW,价格、座椅、车身和智能化字段为规则补齐，正式商用前需接入更权威价格源核验,real_world_enriched,https://www.volkswagen.de,100.0,price_min|price_max|seats|wheelbase|trunk_volume|safety_score|adas_level,2023
157,Volkswagen,ID. Buzz PRO,轿车,纯电,374000,501000,423,77.0,32,7,rwd,L2+,公开规格未覆盖，按品牌与年份估算,2860,380,4.7,343,真实公开数据候选;海外新能源车型;续航补能评估,真实规格：2024年，WLTP续航423km，电池77.0kWh，快充135kW,价格、座椅、车身和智能化字段为规则补齐，正式商用前需接入更权威价格源核验,real_world_enriched,https://www.volkswagen.de,100.0,price_min|price_max|seats|wheelbase|trunk_volume|safety_score|adas_level,2024
158,Volkswagen,ID. Buzz Cargo,轿车,纯电,374000,501000,423,77.0,32,7,rwd,L2+,公开规格未覆盖，按品牌与年份估算,2860,380,4.7,342,真实公开数据候选;海外新能源车型;续航补能评估,真实规格：2024年，WLTP续航423km，电池77.0kWh，快充135kW,价格、座椅、车身和智能化字段为规则补齐，正式商用前需接入更权威价格源核验,real_world_enriched,https://www.volkswagen.de,100.0,price_min|price_max|seats|wheelbase|trunk_volume|safety_score|adas_level,2024
159,Volkswagen,ID. Buzz PRO,轿车,纯电,379000,508000,423,77.0,32,7,rwd,L2+,公开规格未覆盖，按品牌与年份估算,2860,380,4.7,341,真实公开数据候选;海外新能源车型;续航补能评估,真实规格：2025年，WLTP续航423km，电池77.0kWh，快充135kW,价格、座椅、车身和智能化字段为规则补齐，正式商用前需接入更权威价格源核验,real_world_enriched,https://www.volkswagen.de,100.0,price_min|price_max|seats|wheelbase|trunk_volume|safety_score|adas_level,2025
160,Volkswagen,ID. Buzz Cargo,轿车,纯电,379000,508000,423,77.0,32,7,rwd,L2+,公开规格未覆盖，按品牌与年份估算,2860,380,4.7,340,真实公开数据候选;海外新能源车型;续航补能评估,真实规格：2025年，WLTP续航423km，电池77.0kWh，快充135kW,价格、座椅、车身和智能化字段为规则补齐，正式商用前需接入更权威价格源核验,real_world_enriched,https://www.volkswagen.de,100.0,price_min|price_max|seats|wheelbase|trunk_volume|safety_score|adas_level,2025
161,Aston,Martin RapidE,轿车,纯电,365000,490000,320,65.0,25,5,未知,L2,公开规格未覆盖，按品牌与年份估算,2940,470,4.6,339,真实公开数据候选;海外新能源车型;续航补能评估,真实规格：2019年，WLTP续航320km，电池65.0kWh，快充150kW,价格、座椅、车身和智能化字段为规则补齐，正式商用前需接入更权威价格源核验,real_world_enriched,https://raw.githubusercontent.com/OSkrk/Electric-vehicles-EV-Database/master/Data/EVs_data_base.csv,100.0,price_min|price_max|seats|wheelbase|trunk_volume|safety_score|adas_level,2019
162,Audi,E tron s,SUV,纯电,442000,593000,362,86.0,25,5,未知,L2,公开规格未覆盖，按品牌与年份估算,3000,520,4.6,338,真实公开数据候选;海外新能源车型;续航补能评估,真实规格：2020年，WLTP续航362km，电池86.0kWh，快充150kW,价格、座椅、车身和智能化字段为规则补齐，正式商用前需接入更权威价格源核验,real_world_enriched,https://raw.githubusercontent.com/OSkrk/Electric-vehicles-EV-Database/master/Data/EVs_data_base.csv,100.0,price_min|price_max|seats|wheelbase|trunk_volume|safety_score|adas_level,2020
163,Audi,Q6,SUV,纯电,328000,440000,500,71.4,25,5,未知,L2,公开规格未覆盖，按品牌与年份估算,3000,520,4.6,337,真实公开数据候选;海外新能源车型;续航补能评估,真实规格：2018年，WLTP续航500km，电池71.4kWh，快充150kW,价格、座椅、车身和智能化字段为规则补齐，正式商用前需接入更权威价格源核验,real_world_enriched,https://raw.githubusercontent.com/OSkrk/Electric-vehicles-EV-Database/master/Data/EVs_data_base.csv,87.5,price_min|price_max|seats|wheelbase|trunk_volume|safety_score|adas_level,2018
164,BMW,i3,轿车,纯电,268000,359000,130,35,45,5,未知,L2,公开规格未覆盖，按品牌与年份估算,2940,470,4.6,336,真实公开数据候选;海外新能源车型;续航补能评估,真实规格：2016年，WLTP续航130km，电池35kWh，快充50kW,价格、座椅、车身和智能化字段为规则补齐，正式商用前需接入更权威价格源核验,real_world_enriched,https://raw.githubusercontent.com/OSkrk/Electric-vehicles-EV-Database/master/Data/EVs_data_base.csv,87.5,price_min|price_max|seats|wheelbase|trunk_volume|safety_score|adas_level,2016
165,BMW,i3 2.0,轿车,纯电,331000,444000,140,42.0,45,5,未知,L2,公开规格未覆盖，按品牌与年份估算,2800,470,4.6,335,真实公开数据候选;海外新能源车型;续航补能评估,真实规格：2017年，WLTP续航140km，电池42.0kWh，快充50kW,价格、座椅、车身和智能化字段为规则补齐，正式商用前需接入更权威价格源核验,real_world_enriched,https://raw.githubusercontent.com/OSkrk/Electric-vehicles-EV-Database/master/Data/EVs_data_base.csv,100.0,price_min|price_max|seats|wheelbase|trunk_volume|safety_score|adas_level,2017
166,BMW,Mini E,轿车,纯电,317000,426000,250,33.0,45,5,未知,L2,公开规格未覆盖，按品牌与年份估算,2800,470,4.6,334,真实公开数据候选;海外新能源车型;续航补能评估,真实规格：2019年，WLTP续航250km，电池33.0kWh，快充50kW,价格、座椅、车身和智能化字段为规则补齐，正式商用前需接入更权威价格源核验,real_world_enriched,https://raw.githubusercontent.com/OSkrk/Electric-vehicles-EV-Database/master/Data/EVs_data_base.csv,100.0,price_min|price_max|seats|wheelbase|trunk_volume|safety_score|adas_level,2019
167,Chevrolet,Bolt,轿车,纯电,250000,335000,380,30.0,45,5,未知,L2,公开规格未覆盖，按品牌与年份估算,2720,470,4.6,333,真实公开数据候选;海外新能源车型;续航补能评估,真实规格：2016年，WLTP续航380km，电池30.0kWh，快充50kW,价格、座椅、车身和智能化字段为规则补齐，正式商用前需接入更权威价格源核验,real_world_enriched,https://raw.githubusercontent.com/OSkrk/Electric-vehicles-EV-Database/master/Data/EVs_data_base.csv,100.0,price_min|price_max|seats|wheelbase|trunk_volume|safety_score|adas_level,2016
168,Citroen,E Mehari,轿车,纯电,194000,260000,200,30.0,60,5,未知,L2,公开规格未覆盖，按品牌与年份估算,2720,470,4.4,332,真实公开数据候选;海外新能源车型;续航补能评估,真实规格：2016年，WLTP续航200km，电池30.0kWh，快充0kW,价格、座椅、车身和智能化字段为规则补齐，正式商用前需接入更权威价格源核验,real_world_enriched,https://raw.githubusercontent.com/OSkrk/Electric-vehicles-EV-Database/master/Data/EVs_data_base.csv,87.5,price_min|price_max|seats|wheelbase|trunk_volume|safety_score|adas_level,2016
169,Citroen,Berlingo,MPV,纯电,211000,283000,110,35,45,7,未知,L2,公开规格未覆盖，按品牌与年份估算,3100,380,4.4,331,真实公开数据候选;海外新能源车型;续航补能评估,真实规格：2010年，WLTP续航110km，电池35kWh，快充50kW,价格、座椅、车身和智能化字段为规则补齐，正式商用前需接入更权威价格源核验,real_world_enriched,https://raw.githubusercontent.com/OSkrk/Electric-vehicles-EV-Database/master/Data/EVs_data_base.csv,87.5,price_min|price_max|seats|wheelbase|trunk_volume|safety_score|adas_level,2010
170,Citroen,C  Zero,轿车,纯电,171000,229000,130,14.5,45,5,未知,L2,公开规格未覆盖，按品牌与年份估算,2720,470,4.4,330,真实公开数据候选;海外新能源车型;续航补能评估,真实规格：2010年，WLTP续航130km，电池14.5kWh，快充50kW,价格、座椅、车身和智能化字段为规则补齐，正式商用前需接入更权威价格源核验,real_world_enriched,https://raw.githubusercontent.com/OSkrk/Electric-vehicles-EV-Database/master/Data/EVs_data_base.csv,100.0,price_min|price_max|seats|wheelbase|trunk_volume|safety_score|adas_level,2010
171,Daimler,E Smart,轿车,纯电,127000,171000,120,35,60,5,未知,L2,公开规格未覆盖，按品牌与年份估算,2860,470,4.4,329,真实公开数据候选;海外新能源车型;续航补能评估,真实规格：2015年，WLTP续航120km，电池35kWh，快充0kW,价格、座椅、车身和智能化字段为规则补齐，正式商用前需接入更权威价格源核验,real_world_enriched,https://raw.githubusercontent.com/OSkrk/Electric-vehicles-EV-Database/master/Data/EVs_data_base.csv,75.0,price_min|price_max|seats|wheelbase|trunk_volume|safety_score|adas_level,2015
172,Daimler,Smart ED,轿车,纯电,127000,171000,110,35,60,5,未知,L2,公开规格未覆盖，按品牌与年份估算,2860,470,4.4,328,真实公开数据候选;海外新能源车型;续航补能评估,真实规格：2015年，WLTP续航110km，电池35kWh，快充0kW,价格、座椅、车身和智能化字段为规则补齐，正式商用前需接入更权威价格源核验,real_world_enriched,https://raw.githubusercontent.com/OSkrk/Electric-vehicles-EV-Database/master/Data/EVs_data_base.csv,75.0,price_min|price_max|seats|wheelbase|trunk_volume|safety_score|adas_level,2015
173,Daimler,EQC,轿车,纯电,134000,180000,414,59.1,32,5,未知,L2,公开规格未覆盖，按品牌与年份估算,2860,470,4.4,327,真实公开数据候选;海外新能源车型;续航补能评估,真实规格：2019年，WLTP续航414km，电池59.1kWh，快充110kW,价格、座椅、车身和智能化字段为规则补齐，正式商用前需接入更权威价格源核验,real_world_enriched,https://raw.githubusercontent.com/OSkrk/Electric-vehicles-EV-Database/master/Data/EVs_data_base.csv,87.5,price_min|price_max|seats|wheelbase|trunk_volume|safety_score|adas_level,2019
174,Daimler,EQV,MPV,纯电,334000,449000,405,90.0,32,7,未知,L2,公开规格未覆盖，按品牌与年份估算,3190,380,4.4,326,真实公开数据候选;海外新能源车型;续航补能评估,真实规格：2021年，WLTP续航405km，电池90.0kWh，快充110kW,价格、座椅、车身和智能化字段为规则补齐，正式商用前需接入更权威价格源核验,real_world_enriched,https:www.automobile_propre.comvoituresmercedes_eqvautonomie,100.0,price_min|price_max|seats|wheelbase|trunk_volume|safety_score|adas_level,2021
175,Faraday,Future 91,SUV,纯电,203000,272000,650,92.9,25,5,未知,L2,公开规格未覆盖，按品牌与年份估算,2920,520,4.4,325,真实公开数据候选;海外新能源车型;续航补能评估,真实规格：2018年，WLTP续航650km，电池92.9kWh，快充150kW,价格、座椅、车身和智能化字段为规则补齐，正式商用前需接入更权威价格源核验,real_world_enriched,https://raw.githubusercontent.com/OSkrk/Electric-vehicles-EV-Database/master/Data/EVs_data_base.csv,87.5,price_min|price_max|seats|wheelbase|trunk_volume|safety_score|adas_level,2018
176,Ford,focus Electric,轿车,纯电,202000,271000,207,35,60,5,未知,L2,公开规格未覆盖，按品牌与年份估算,2860,470,4.6,324,真实公开数据候选;海外新能源车型;续航补能评估,真实规格：2016年，WLTP续航207km，电池35kWh，快充0kW,价格、座椅、车身和智能化字段为规则补齐，正式商用前需接入更权威价格源核验,real_world_enriched,https://raw.githubusercontent.com/OSkrk/Electric-vehicles-EV-Database/master/Data/EVs_data_base.csv,75.0,price_min|price_max|seats|wheelbase|trunk_volume|safety_score|adas_level,2016
177,Ford,Focus Electric,轿车,纯电,253000,339000,165,34.0,25,5,未知,L2,公开规格未覆盖，按品牌与年份估算,2720,470,4.6,323,真实公开数据候选;海外新能源车型;续航补能评估,真实规格：2013年，WLTP续航165km，电池34.0kWh，快充150kW,价格、座椅、车身和智能化字段为规则补齐，正式商用前需接入更权威价格源核验,real_world_enriched,https://raw.githubusercontent.com/OSkrk/Electric-vehicles-EV-Database/master/Data/EVs_data_base.csv,100.0,price_min|price_max|seats|wheelbase|trunk_volume|safety_score|adas_level,2013
178,Ford,Model E,轿车,纯电,218000,292000,500,71.4,25,5,未知,L2,公开规格未覆盖，按品牌与年份估算,2860,470,4.6,322,真实公开数据候选;海外新能源车型;续航补能评估,真实规格：2019年，WLTP续航500km，电池71.4kWh，快充150kW,价格、座椅、车身和智能化字段为规则补齐，正式商用前需接入更权威价格源核验,real_world_enriched,https://raw.githubusercontent.com/OSkrk/Electric-vehicles-EV-Database/master/Data/EVs_data_base.csv,87.5,price_min|price_max|seats|wheelbase|trunk_volume|safety_score|adas_level,2019
179,Ford,Mustang Mach E,轿车,纯电,355000,477000,600,85.0,32,5,未知,L2,公开规格未覆盖，按品牌与年份估算,2860,470,4.6,321,真实公开数据候选;海外新能源车型;续航补能评估,真实规格：2020年，WLTP续航600km，电池85.0kWh，快充115kW,价格、座椅、车身和智能化字段为规则补齐，正式商用前需接入更权威价格源核验,real_world_enriched,https://raw.githubusercontent.com/OSkrk/Electric-vehicles-EV-Database/master/Data/EVs_data_base.csv,100.0,price_min|price_max|seats|wheelbase|trunk_volume|safety_score|adas_level,2020
180,Honda,Fit,轿车,纯电,127000,171000,400,57.1,60,5,未知,L2,公开规格未覆盖，按品牌与年份估算,2860,470,4.4,320,真实公开数据候选;海外新能源车型;续航补能评估,真实规格：2016年，WLTP续航400km，电池57.1kWh，快充0kW,价格、座椅、车身和智能化字段为规则补齐，正式商用前需接入更权威价格源核验,real_world_enriched,https://raw.githubusercontent.com/OSkrk/Electric-vehicles-EV-Database/master/Data/EVs_data_base.csv,62.5,price_min|price_max|seats|wheelbase|trunk_volume|safety_score|adas_level,2016
181,Honda,E,轿车,纯电,127000,171000,220,35,32,5,未知,L2,公开规格未覆盖，按品牌与年份估算,2860,470,4.4,319,真实公开数据候选;海外新能源车型;续航补能评估,真实规格：2020年，WLTP续航220km，电池35kWh，快充100kW,价格、座椅、车身和智能化字段为规则补齐，正式商用前需接入更权威价格源核验,real_world_enriched,https://raw.githubusercontent.com/OSkrk/Electric-vehicles-EV-Database/master/Data/EVs_data_base.csv,87.5,price_min|price_max|seats|wheelbase|trunk_volume|safety_score|adas_level,2020
182,Hyundai,Esuv,轿车,纯电,202000,271000,320,45.7,25,5,未知,L2,公开规格未覆盖，按品牌与年份估算,2860,470,4.6,318,真实公开数据候选;海外新能源车型;续航补能评估,真实规格：2018年，WLTP续航320km，电池45.7kWh，快充150kW,价格、座椅、车身和智能化字段为规则补齐，正式商用前需接入更权威价格源核验,real_world_enriched,https://raw.githubusercontent.com/OSkrk/Electric-vehicles-EV-Database/master/Data/EVs_data_base.csv,87.5,price_min|price_max|seats|wheelbase|trunk_volume|safety_score|adas_level,2018
183,Hyundai,Ioniq,轿车,纯电,262000,351000,140,40.0,45,5,未知,L2,公开规格未覆盖，按品牌与年份估算,2720,470,4.6,317,真实公开数据候选;海外新能源车型;续航补能评估,真实规格：2016年，WLTP续航140km，电池40.0kWh，快充50kW,价格、座椅、车身和智能化字段为规则补齐，正式商用前需接入更权威价格源核验,real_world_enriched,https://raw.githubusercontent.com/OSkrk/Electric-vehicles-EV-Database/master/Data/EVs_data_base.csv,100.0,price_min|price_max|seats|wheelbase|trunk_volume|safety_score|adas_level,2016
184,Infinity,LE,轿车,纯电,127000,171000,200,35,32,5,未知,L2,公开规格未覆盖，按品牌与年份估算,2860,470,4.4,316,真实公开数据候选;海外新能源车型;续航补能评估,真实规格：2017年，WLTP续航200km，电池35kWh，快充100kW,价格、座椅、车身和智能化字段为规则补齐，正式商用前需接入更权威价格源核验,real_world_enriched,https://raw.githubusercontent.com/OSkrk/Electric-vehicles-EV-Database/master/Data/EVs_data_base.csv,87.5,price_min|price_max|seats|wheelbase|trunk_volume|safety_score|adas_level,2017
185,Jaguar,i Pace,轿车,纯电,278000,374000,450,64.3,25,5,未知,L2,公开规格未覆盖，按品牌与年份估算,2940,470,4.6,315,真实公开数据候选;海外新能源车型;续航补能评估,真实规格：2017年，WLTP续航450km，电池64.3kWh，快充150kW,价格、座椅、车身和智能化字段为规则补齐，正式商用前需接入更权威价格源核验,real_world_enriched,https://raw.githubusercontent.com/OSkrk/Electric-vehicles-EV-Database/master/Data/EVs_data_base.csv,87.5,price_min|price_max|seats|wheelbase|trunk_volume|safety_score|adas_level,2017
186,Kia,Niro,SUV,纯电,353000,473000,455,64.0,25,5,未知,L2,公开规格未覆盖，按品牌与年份估算,2920,520,4.6,314,真实公开数据候选;海外新能源车型;续航补能评估,真实规格：2018年，WLTP续航455km，电池64.0kWh，快充150kW,价格、座椅、车身和智能化字段为规则补齐，正式商用前需接入更权威价格源核验,real_world_enriched,https://raw.githubusercontent.com/OSkrk/Electric-vehicles-EV-Database/master/Data/EVs_data_base.csv,100.0,price_min|price_max|seats|wheelbase|trunk_volume|safety_score|adas_level,2018
187,Kia,Soul,轿车,纯电,247000,331000,150,30.0,45,5,未知,L2,公开规格未覆盖，按品牌与年份估算,2720,470,4.6,313,真实公开数据候选;海外新能源车型;续航补能评估,真实规格：2018年，WLTP续航150km，电池30.0kWh，快充80kW,价格、座椅、车身和智能化字段为规则补齐，正式商用前需接入更权威价格源核验,real_world_enriched,https://raw.githubusercontent.com/OSkrk/Electric-vehicles-EV-Database/master/Data/EVs_data_base.csv,100.0,price_min|price_max|seats|wheelbase|trunk_volume|safety_score|adas_level,2018
188,Lucid,Air,轿车,纯电,300000,402000,650,92.9,25,5,未知,L2,公开规格未覆盖，按品牌与年份估算,2940,470,4.6,312,真实公开数据候选;海外新能源车型;续航补能评估,真实规格：2020年，WLTP续航650km，电池92.9kWh，快充150kW,价格、座椅、车身和智能化字段为规则补齐，正式商用前需接入更权威价格源核验,real_world_enriched,https://raw.githubusercontent.com/OSkrk/Electric-vehicles-EV-Database/master/Data/EVs_data_base.csv,87.5,price_min|price_max|seats|wheelbase|trunk_volume|safety_score|adas_level,2020
189,Mahindra,e20,轿车,纯电,149000,200000,110,35,60,5,未知,L2,公开规格未覆盖，按品牌与年份估算,2860,470,4.4,311,真实公开数据候选;海外新能源车型;续航补能评估,真实规格：2016年，WLTP续航110km，电池35kWh，快充0kW,价格、座椅、车身和智能化字段为规则补齐，正式商用前需接入更权威价格源核验,real_world_enriched,https://raw.githubusercontent.com/OSkrk/Electric-vehicles-EV-Database/master/Data/EVs_data_base.csv,75.0,price_min|price_max|seats|wheelbase|trunk_volume|safety_score|adas_level,2016
190,Mazda,MX 30,SUV,纯电,225000,302000,200,36.0,45,5,未知,L2,公开规格未覆盖，按品牌与年份估算,2780,520,4.4,310,真实公开数据候选;海外新能源车型;续航补能评估,真实规格：2020年，WLTP续航200km，电池36.0kWh，快充50kW,价格、座椅、车身和智能化字段为规则补齐，正式商用前需接入更权威价格源核验,real_world_enriched,https://raw.githubusercontent.com/OSkrk/Electric-vehicles-EV-Database/master/Data/EVs_data_base.csv,100.0,price_min|price_max|seats|wheelbase|trunk_volume|safety_score|adas_level,2020
191,Mercedes,B250,轿车,纯电,268000,359000,140,35,60,5,未知,L2,公开规格未覆盖，按品牌与年份估算,2940,470,4.6,309,真实公开数据候选;海外新能源车型;续航补能评估,真实规格：2016年，WLTP续航140km，电池35kWh，快充0kW,价格、座椅、车身和智能化字段为规则补齐，正式商用前需接入更权威价格源核验,real_world_enriched,https://raw.githubusercontent.com/OSkrk/Electric-vehicles-EV-Database/master/Data/EVs_data_base.csv,75.0,price_min|price_max|seats|wheelbase|trunk_volume|safety_score|adas_level,2016
192,Merceds,Vito E cell,MPV,纯电,383000,514000,130,36.0,60,7,未知,L2,公开规格未覆盖，按品牌与年份估算,3040,380,4.6,308,真实公开数据候选;海外新能源车型;续航补能评估,真实规格：2016年，WLTP续航130km，电池36.0kWh，快充0kW,价格、座椅、车身和智能化字段为规则补齐，正式商用前需接入更权威价格源核验,real_world_enriched,https://raw.githubusercontent.com/OSkrk/Electric-vehicles-EV-Database/master/Data/EVs_data_base.csv,87.5,price_min|price_max|seats|wheelbase|trunk_volume|safety_score|adas_level,2016
193,Mitsubishi,i MiEV,轿车,纯电,173000,232000,110,16.0,45,5,未知,L2,公开规格未覆盖，按品牌与年份估算,2720,470,4.4,307,真实公开数据候选;海外新能源车型;续航补能评估,真实规格：2010年，WLTP续航110km，电池16.0kWh，快充50kW,价格、座椅、车身和智能化字段为规则补齐，正式商用前需接入更权威价格源核验,real_world_enriched,https://raw.githubusercontent.com/OSkrk/Electric-vehicles-EV-Database/master/Data/EVs_data_base.csv,100.0,price_min|price_max|seats|wheelbase|trunk_volume|safety_score|adas_level,2010
194,Nissan,e NV200,MPV,纯电,211000,283000,110,35,45,7,未知,L2,公开规格未覆盖，按品牌与年份估算,3100,380,4.4,306,真实公开数据候选;海外新能源车型;续航补能评估,真实规格：2014年，WLTP续航110km，电池35kWh，快充50kW,价格、座椅、车身和智能化字段为规则补齐，正式商用前需接入更权威价格源核验,real_world_enriched,https://raw.githubusercontent.com/OSkrk/Electric-vehicles-EV-Database/master/Data/EVs_data_base.csv,87.5,price_min|price_max|seats|wheelbase|trunk_volume|safety_score|adas_level,2014
195,Nissan,Leaf 1.0,轿车,纯电,194000,260000,120,30.0,45,5,未知,L2,公开规格未覆盖，按品牌与年份估算,2720,470,4.4,305,真实公开数据候选;海外新能源车型;续航补能评估,真实规格：2011年，WLTP续航120km，电池30.0kWh，快充50kW,价格、座椅、车身和智能化字段为规则补齐，正式商用前需接入更权威价格源核验,real_world_enriched,https://raw.githubusercontent.com/OSkrk/Electric-vehicles-EV-Database/master/Data/EVs_data_base.csv,100.0,price_min|price_max|seats|wheelbase|trunk_volume|safety_score|adas_level,2011
196,Nissan,Leaf 1.1,轿车,纯电,149000,200000,130,35,45,5,未知,L2,公开规格未覆盖，按品牌与年份估算,2860,470,4.4,304,真实公开数据候选;海外新能源车型;续航补能评估,真实规格：2012年，WLTP续航130km，电池35kWh，快充50kW,价格、座椅、车身和智能化字段为规则补齐，正式商用前需接入更权威价格源核验,real_world_enriched,https://raw.githubusercontent.com/OSkrk/Electric-vehicles-EV-Database/master/Data/EVs_data_base.csv,87.5,price_min|price_max|seats|wheelbase|trunk_volume|safety_score|adas_level,2012
197,Nissan,Leaf 2.0,轿车,纯电,149000,200000,300,42.9,32,5,未知,L2,公开规格未覆盖，按品牌与年份估算,2860,470,4.4,303,真实公开数据候选;海外新能源车型;续航补能评估,真实规格：2017年，WLTP续航300km，电池42.9kWh，快充100kW,价格、座椅、车身和智能化字段为规则补齐，正式商用前需接入更权威价格源核验,real_world_enriched,https://raw.githubusercontent.com/OSkrk/Electric-vehicles-EV-Database/master/Data/EVs_data_base.csv,87.5,price_min|price_max|seats|wheelbase|trunk_volume|safety_score|adas_level,2017
198,Nissan,Leaf 3.0,轿车,纯电,194000,260000,120,30.0,45,5,未知,L2,公开规格未覆盖，按品牌与年份估算,2720,470,4.4,302,真实公开数据候选;海外新能源车型;续航补能评估,真实规格：2015年，WLTP续航120km，电池30.0kWh，快充50kW,价格、座椅、车身和智能化字段为规则补齐，正式商用前需接入更权威价格源核验,real_world_enriched,https://raw.githubusercontent.com/OSkrk/Electric-vehicles-EV-Database/master/Data/EVs_data_base.csv,100.0,price_min|price_max|seats|wheelbase|trunk_volume|safety_score|adas_level,2015
199,Opel,Ampera e,轿车,纯电,149000,200000,190,35,45,5,未知,L2,公开规格未覆盖，按品牌与年份估算,2860,470,4.4,301,真实公开数据候选;海外新能源车型;续航补能评估,真实规格：2017年，WLTP续航190km，电池35kWh，快充50kW,价格、座椅、车身和智能化字段为规则补齐，正式商用前需接入更权威价格源核验,real_world_enriched,https://raw.githubusercontent.com/OSkrk/Electric-vehicles-EV-Database/master/Data/EVs_data_base.csv,87.5,price_min|price_max|seats|wheelbase|trunk_volume|safety_score|adas_level,2017
200,Peugeot,e 208,轿车,纯电,149000,200000,340,48.6,32,5,未知,L2,公开规格未覆盖，按品牌与年份估算,2860,470,4.4,300,真实公开数据候选;海外新能源车型;续航补能评估,真实规格：2020年，WLTP续航340km，电池48.6kWh，快充100kW,价格、座椅、车身和智能化字段为规则补齐，正式商用前需接入更权威价格源核验,real_world_enriched,https://raw.githubusercontent.com/OSkrk/Electric-vehicles-EV-Database/master/Data/EVs_data_base.csv,87.5,price_min|price_max|seats|wheelbase|trunk_volume|safety_score|adas_level,2020
201,Peugeot,iOn,轿车,纯电,173000,232000,110,16.0,45,5,未知,L2,公开规格未覆盖，按品牌与年份估算,2720,470,4.4,299,真实公开数据候选;海外新能源车型;续航补能评估,真实规格：2010年，WLTP续航110km，电池16.0kWh，快充50kW,价格、座椅、车身和智能化字段为规则补齐，正式商用前需接入更权威价格源核验,real_world_enriched,https://raw.githubusercontent.com/OSkrk/Electric-vehicles-EV-Database/master/Data/EVs_data_base.csv,100.0,price_min|price_max|seats|wheelbase|trunk_volume|safety_score|adas_level,2010
202,Peugeot,Partner,MPV,纯电,211000,283000,110,35,45,7,未知,L2,公开规格未覆盖，按品牌与年份估算,3100,380,4.4,298,真实公开数据候选;海外新能源车型;续航补能评估,真实规格：2013年，WLTP续航110km，电池35kWh，快充50kW,价格、座椅、车身和智能化字段为规则补齐，正式商用前需接入更权威价格源核验,real_world_enriched,https://raw.githubusercontent.com/OSkrk/Electric-vehicles-EV-Database/master/Data/EVs_data_base.csv,87.5,price_min|price_max|seats|wheelbase|trunk_volume|safety_score|adas_level,2013
203,Porsche,Mission E,轿车,纯电,284000,381000,500,71.4,18,5,未知,L2,公开规格未覆盖，按品牌与年份估算,2940,470,4.6,297,真实公开数据候选;海外新能源车型;续航补能评估,真实规格：2019年，WLTP续航500km，电池71.4kWh，快充350kW,价格、座椅、车身和智能化字段为规则补齐，正式商用前需接入更权威价格源核验,real_world_enriched,https://raw.githubusercontent.com/OSkrk/Electric-vehicles-EV-Database/master/Data/EVs_data_base.csv,87.5,price_min|price_max|seats|wheelbase|trunk_volume|safety_score|adas_level,2019
204,Porsche,Taycan Turbo,轿车,纯电,413000,554000,450,90.0,18,5,未知,L2,公开规格未覆盖，按品牌与年份估算,3030,470,4.6,296,真实公开数据候选;海外新能源车型;续航补能评估,真实规格：2019年，WLTP续航450km，电池90.0kWh，快充270kW,价格、座椅、车身和智能化字段为规则补齐，正式商用前需接入更权威价格源核验,real_world_enriched,https://raw.githubusercontent.com/OSkrk/Electric-vehicles-EV-Database/master/Data/EVs_data_base.csv,100.0,price_min|price_max|seats|wheelbase|trunk_volume|safety_score|adas_level,2019
205,Renault,Fluence ZE,轿车,纯电,149000,200000,130,35,60,5,未知,L2,公开规格未覆盖，按品牌与年份估算,2860,470,4.4,295,真实公开数据候选;海外新能源车型;续航补能评估,真实规格：2016年，WLTP续航130km，电池35kWh，快充0kW,价格、座椅、车身和智能化字段为规则补齐，正式商用前需接入更权威价格源核验,real_world_enriched,https://raw.githubusercontent.com/OSkrk/Electric-vehicles-EV-Database/master/Data/EVs_data_base.csv,75.0,price_min|price_max|seats|wheelbase|trunk_volume|safety_score|adas_level,2016
206,Renault,Kangoo ZE,MPV,纯电,211000,283000,220,35,60,7,未知,L2,公开规格未覆盖，按品牌与年份估算,3100,380,4.4,294,真实公开数据候选;海外新能源车型;续航补能评估,真实规格：2016年，WLTP续航220km，电池35kWh，快充0kW,价格、座椅、车身和智能化字段为规则补齐，正式商用前需接入更权威价格源核验,real_world_enriched,https://raw.githubusercontent.com/OSkrk/Electric-vehicles-EV-Database/master/Data/EVs_data_base.csv,75.0,price_min|price_max|seats|wheelbase|trunk_volume|safety_score|adas_level,2016
207,Renault,Twizy,微型车,纯电,110000,147000,90,35,60,4,未知,L2,公开规格未覆盖，按品牌与年份估算,2450,260,4.4,293,真实公开数据候选;海外新能源车型;续航补能评估,真实规格：2016年，WLTP续航90km，电池35kWh，快充0kW,价格、座椅、车身和智能化字段为规则补齐，正式商用前需接入更权威价格源核验,real_world_enriched,https://raw.githubusercontent.com/OSkrk/Electric-vehicles-EV-Database/master/Data/EVs_data_base.csv,75.0,price_min|price_max|seats|wheelbase|trunk_volume|safety_score|adas_level,2016
208,Renault,ZOE,轿车,纯电,149000,200000,200,35,60,5,未知,L2,公开规格未覆盖，按品牌与年份估算,2860,470,4.4,292,真实公开数据候选;海外新能源车型;续航补能评估,真实规格：2013年，WLTP续航200km，电池35kWh，快充0kW,价格、座椅、车身和智能化字段为规则补齐，正式商用前需接入更权威价格源核验,real_world_enriched,https://raw.githubusercontent.com/OSkrk/Electric-vehicles-EV-Database/master/Data/EVs_data_base.csv,75.0,price_min|price_max|seats|wheelbase|trunk_volume|safety_score|adas_level,2013
209,Renault,ZOE,轿车,纯电,149000,200000,130,35,60,5,未知,L2,公开规格未覆盖，按品牌与年份估算,2860,470,4.4,291,真实公开数据候选;海外新能源车型;续航补能评估,真实规格：2013年，WLTP续航130km，电池35kWh，快充0kW,价格、座椅、车身和智能化字段为规则补齐，正式商用前需接入更权威价格源核验,real_world_enriched,https://raw.githubusercontent.com/OSkrk/Electric-vehicles-EV-Database/master/Data/EVs_data_base.csv,75.0,price_min|price_max|seats|wheelbase|trunk_volume|safety_score|adas_level,2013
210,Renault,ZOE ZE,轿车,纯电,154000,207000,400,57.1,60,5,未知,L2,公开规格未覆盖，按品牌与年份估算,2860,470,4.4,290,真实公开数据候选;海外新能源车型;续航补能评估,真实规格：2013年，WLTP续航400km，电池57.1kWh，快充0kW,价格、座椅、车身和智能化字段为规则补齐，正式商用前需接入更权威价格源核验,real_world_enriched,https://raw.githubusercontent.com/OSkrk/Electric-vehicles-EV-Database/master/Data/EVs_data_base.csv,75.0,price_min|price_max|seats|wheelbase|trunk_volume|safety_score|adas_level,2013
211,Renault,Megane eVision,轿车,纯电,255000,342000,450,60.0,32,5,未知,L2,公开规格未覆盖，按品牌与年份估算,2860,470,4.4,289,真实公开数据候选;海外新能源车型;续航补能评估,真实规格：2021年，WLTP续航450km，电池60.0kWh，快充130kW,价格、座椅、车身和智能化字段为规则补齐，正式商用前需接入更权威价格源核验,real_world_enriched,https://raw.githubusercontent.com/OSkrk/Electric-vehicles-EV-Database/master/Data/EVs_data_base.csv,100.0,price_min|price_max|seats|wheelbase|trunk_volume|safety_score|adas_level,2021
212,Renault,Twingo ZE,轿车,纯电,181000,242000,190,21.0,60,5,未知,L2,公开规格未覆盖，按品牌与年份估算,2720,470,4.4,288,真实公开数据候选;海外新能源车型;续航补能评估,真实规格：2020年，WLTP续航190km，电池21.0kWh，快充0kW,价格、座椅、车身和智能化字段为规则补齐，正式商用前需接入更权威价格源核验,real_world_enriched,https://raw.githubusercontent.com/OSkrk/Electric-vehicles-EV-Database/master/Data/EVs_data_base.csv,87.5,price_min|price_max|seats|wheelbase|trunk_volume|safety_score|adas_level,2020
213,Skoda,E,SUV,纯电,311000,417000,500,83.0,25,5,未知,L2,公开规格未覆盖，按品牌与年份估算,2920,520,4.4,287,真实公开数据候选;海外新能源车型;续航补能评估,真实规格：2019年，WLTP续航500km，电池83.0kWh，快充150kW,价格、座椅、车身和智能化字段为规则补齐，正式商用前需接入更权威价格源核验,real_world_enriched,https://raw.githubusercontent.com/OSkrk/Electric-vehicles-EV-Database/master/Data/EVs_data_base.csv,100.0,price_min|price_max|seats|wheelbase|trunk_volume|safety_score|adas_level,2019
214,Smart,ED Gen1,微型车,纯电,110000,147000,400,57.1,60,4,未知,L2,公开规格未覆盖，按品牌与年份估算,2450,260,4.4,286,真实公开数据候选;海外新能源车型;续航补能评估,真实规格：2016年，WLTP续航400km，电池57.1kWh，快充0kW,价格、座椅、车身和智能化字段为规则补齐，正式商用前需接入更权威价格源核验,real_world_enriched,https://raw.githubusercontent.com/OSkrk/Electric-vehicles-EV-Database/master/Data/EVs_data_base.csv,62.5,price_min|price_max|seats|wheelbase|trunk_volume|safety_score|adas_level,2016
215,Smart,ForTwo,微型车,纯电,136000,183000,135,18.0,60,4,未知,L2,公开规格未覆盖，按品牌与年份估算,2310,260,4.4,285,真实公开数据候选;海外新能源车型;续航补能评估,真实规格：2018年，WLTP续航135km，电池18.0kWh，快充0kW,价格、座椅、车身和智能化字段为规则补齐，正式商用前需接入更权威价格源核验,real_world_enriched,https:www.automobile_propre.comvoituressmart_electriqueautonomie,87.5,price_min|price_max|seats|wheelbase|trunk_volume|safety_score|adas_level,2018
216,Tesla,model S,轿车,纯电,212000,285000,450,64.3,60,5,未知,L2,公开规格未覆盖，按品牌与年份估算,2860,470,4.6,284,真实公开数据候选;海外新能源车型;续航补能评估,真实规格：2016年，WLTP续航450km，电池64.3kWh，快充0kW,价格、座椅、车身和智能化字段为规则补齐，正式商用前需接入更权威价格源核验,real_world_enriched,https://raw.githubusercontent.com/OSkrk/Electric-vehicles-EV-Database/master/Data/EVs_data_base.csv,75.0,price_min|price_max|seats|wheelbase|trunk_volume|safety_score|adas_level,2016
217,Tesla,model 3,轿车,纯电,202000,271000,350,50.0,25,5,未知,L2,公开规格未覆盖，按品牌与年份估算,2860,470,4.6,283,真实公开数据候选;海外新能源车型;续航补能评估,真实规格：2017年，WLTP续航350km，电池50.0kWh，快充150kW,价格、座椅、车身和智能化字段为规则补齐，正式商用前需接入更权威价格源核验,real_world_enriched,https://raw.githubusercontent.com/OSkrk/Electric-vehicles-EV-Database/master/Data/EVs_data_base.csv,87.5,price_min|price_max|seats|wheelbase|trunk_volume|safety_score|adas_level,2017
218,Tesla,model X,SUV,纯电,391000,525000,450,90.0,45,5,未知,L2,公开规格未覆盖，按品牌与年份估算,3010,520,4.6,282,真实公开数据候选;海外新能源车型;续航补能评估,真实规格：2015年，WLTP续航450km，电池90.0kWh，快充50kW,价格、座椅、车身和智能化字段为规则补齐，正式商用前需接入更权威价格源核验,real_world_enriched,https://raw.githubusercontent.com/OSkrk/Electric-vehicles-EV-Database/master/Data/EVs_data_base.csv,100.0,price_min|price_max|seats|wheelbase|trunk_volume|safety_score|adas_level,2015
219,Tesla,S,轿车,纯电,362000,486000,450,100.0,45,5,未知,L2,公开规格未覆盖，按品牌与年份估算,2950,470,4.6,281,真实公开数据候选;海外新能源车型;续航补能评估,真实规格：2013年，WLTP续航450km，电池100.0kWh，快充60kW,价格、座椅、车身和智能化字段为规则补齐，正式商用前需接入更权威价格源核验,real_world_enriched,https://raw.githubusercontent.com/OSkrk/Electric-vehicles-EV-Database/master/Data/EVs_data_base.csv,100.0,price_min|price_max|seats|wheelbase|trunk_volume|safety_score|adas_level,2013
220,Volvo,XC40,SUV,纯电,378000,508000,500,78.0,25,5,未知,L2,公开规格未覆盖，按品牌与年份估算,2920,520,4.6,280,真实公开数据候选;海外新能源车型;续航补能评估,真实规格：2019年，WLTP续航500km，电池78.0kWh，快充150kW,价格、座椅、车身和智能化字段为规则补齐，正式商用前需接入更权威价格源核验,real_world_enriched,https://raw.githubusercontent.com/OSkrk/Electric-vehicles-EV-Database/master/Data/EVs_data_base.csv,100.0,price_min|price_max|seats|wheelbase|trunk_volume|safety_score|adas_level,2019
221,VW,ID Buzz,MPV,纯电,454000,610000,500,110.0,25,7,未知,L2,公开规格未覆盖，按品牌与年份估算,3190,380,4.6,279,真实公开数据候选;海外新能源车型;续航补能评估,真实规格：2022年，WLTP续航500km，电池110.0kWh，快充150kW,价格、座椅、车身和智能化字段为规则补齐，正式商用前需接入更权威价格源核验,real_world_enriched,https://raw.githubusercontent.com/OSkrk/Electric-vehicles-EV-Database/master/Data/EVs_data_base.csv,100.0,price_min|price_max|seats|wheelbase|trunk_volume|safety_score|adas_level,2022
222,VW,e Golf,轿车,纯电,202000,271000,130,35,45,5,未知,L2,公开规格未覆盖，按品牌与年份估算,2860,470,4.6,278,真实公开数据候选;海外新能源车型;续航补能评估,真实规格：2016年，WLTP续航130km，电池35kWh，快充50kW,价格、座椅、车身和智能化字段为规则补齐，正式商用前需接入更权威价格源核验,real_world_enriched,https://raw.githubusercontent.com/OSkrk/Electric-vehicles-EV-Database/master/Data/EVs_data_base.csv,87.5,price_min|price_max|seats|wheelbase|trunk_volume|safety_score|adas_level,2016
223,VW,e golf 1.1,轿车,纯电,250000,335000,230,32.0,25,5,未知,L2,公开规格未覆盖，按品牌与年份估算,2720,470,4.6,277,真实公开数据候选;海外新能源车型;续航补能评估,真实规格：2017年，WLTP续航230km，电池32.0kWh，快充150kW,价格、座椅、车身和智能化字段为规则补齐，正式商用前需接入更权威价格源核验,real_world_enriched,https://raw.githubusercontent.com/OSkrk/Electric-vehicles-EV-Database/master/Data/EVs_data_base.csv,100.0,price_min|price_max|seats|wheelbase|trunk_volume|safety_score|adas_level,2017
224,VW,e UP!,轿车,纯电,236000,317000,110,23.0,45,5,未知,L2,公开规格未覆盖，按品牌与年份估算,2720,470,4.6,276,真实公开数据候选;海外新能源车型;续航补能评估,真实规格：2016年，WLTP续航110km，电池23.0kWh，快充40kW,价格、座椅、车身和智能化字段为规则补齐，正式商用前需接入更权威价格源核验,real_world_enriched,https://raw.githubusercontent.com/OSkrk/Electric-vehicles-EV-Database/master/Data/EVs_data_base.csv,100.0,price_min|price_max|seats|wheelbase|trunk_volume|safety_score|adas_level,2016
225,VW,ID.3,轿车,纯电,317000,425000,330,77.0,32,5,未知,L2,公开规格未覆盖，按品牌与年份估算,2860,470,4.6,275,真实公开数据候选;海外新能源车型;续航补能评估,真实规格：2020年，WLTP续航330km，电池77.0kWh，快充100kW,价格、座椅、车身和智能化字段为规则补齐，正式商用前需接入更权威价格源核验,real_world_enriched,https://raw.githubusercontent.com/OSkrk/Electric-vehicles-EV-Database/master/Data/EVs_data_base.csv,100.0,price_min|price_max|seats|wheelbase|trunk_volume|safety_score|adas_level,2020
226,VW,ID.4,SUV,纯电,377000,506000,500,77.0,25,5,未知,L2,公开规格未覆盖，按品牌与年份估算,2920,520,4.6,274,真实公开数据候选;海外新能源车型;续航补能评估,真实规格：2020年，WLTP续航500km，电池77.0kWh，快充150kW,价格、座椅、车身和智能化字段为规则补齐，正式商用前需接入更权威价格源核验,real_world_enriched,https://raw.githubusercontent.com/OSkrk/Electric-vehicles-EV-Database/master/Data/EVs_data_base.csv,100.0,price_min|price_max|seats|wheelbase|trunk_volume|safety_score|adas_level,2020
227,VW,ID Crozz2,SUV,纯电,262000,351000,500,71.4,25,5,未知,L2,公开规格未覆盖，按品牌与年份估算,2920,520,4.6,273,真实公开数据候选;海外新能源车型;续航补能评估,真实规格：2019年，WLTP续航500km，电池71.4kWh，快充150kW,价格、座椅、车身和智能化字段为规则补齐，正式商用前需接入更权威价格源核验,real_world_enriched,https://raw.githubusercontent.com/OSkrk/Electric-vehicles-EV-Database/master/Data/EVs_data_base.csv,87.5,price_min|price_max|seats|wheelbase|trunk_volume|safety_score|adas_level,2019
